file_name,album,confidence,importance_fraction,rect_00,rect_01,rect_10,rect_11,rect_20,rect_21,rect_30,rect_31
15678067187_5df9778ea6_o_d.jpg,ama_14,0.34375,0.5992509722709656,0,75,999,75,999,636,0,636
15863195222_319e1e6588_o_d.jpg,ama_14,0.3125000298023224,0.5707152485847473,0,0,999,0,999,561,0,561
15863847385_e81fa7dd70_o_d.jpg,ama_14,0.34375,0.705001175403595,0,150,999,150,999,711,0,711
15678085497_942f92cbcb_o_d.jpg,ama_14,0.46875,0.705001175403595,0,150,999,150,999,711,0,711
15863847175_a140a75a16_o_d.jpg,ama_14,0.375,0.6658344268798828,0,150,999,150,999,711,0,711
15861859071_bc6f2f3f98_o_d.jpg,ama_14,0.375,0.6307905316352844,0,150,999,150,999,711,0,711
15863845875_0eda1d8f6c_o_d.jpg,ama_14,0.34375,0.705001175403595,0,150,999,150,999,711,0,711
15678085107_b792f81bb4_o_d.jpg,ama_14,0.4375000298023224,0.5707152485847473,0,0,999,0,999,561,0,561
15838037366_dbfe1977a2_o_d.jpg,ama_14,0.3125,0.5992509722709656,0,150,999,150,999,711,0,711
15861858621_cd1d1c4d06_o_d.jpg,ama_14,0.34375,0.5707152485847473,0,75,999,75,999,636,0,636
15676506330_263b276607_o_d.jpg,ama_14,0.375,0.6658344268798828,0,150,999,150,999,711,0,711
15676326728_3d372dbb82_o_d.jpg,ama_14,0.34375,0.5707152485847473,0,75,999,75,999,636,0,636
15678084287_4c64807da0_o_d.jpg,ama_14,0.4375000298023224,0.5992510318756104,0,75,999,75,999,636,0,636
15244195223_07aceda54c_o_d.jpg,ama_14,0.375,0.5992509722709656,0,150,999,150,999,711,0,711
15244195143_b01f9c9516_o_d.jpg,ama_14,0.40625,0.6307904720306396,0,75,999,75,999,636,0,636
15241569494_1a4d1d7642_o_d.jpg,ama_14,0.34375,0.5707152485847473,0,75,999,75,999,636,0,636
15244202963_8b872b58f4_o_d.jpg,ama_14,0.3125000298023224,0.6307905316352844,0,75,999,75,999,636,0,636
15241573164_a08c1effa7_o_d.jpg,ama_14,0.34375,0.5447736382484436,0,75,999,75,999,636,0,636
15677843499_ef6aaa3882_o_d.jpg,ama_14,0.375,0.4993758201599121,0,0,999,0,999,561,0,561
15676337378_5c0374958f_o_d.jpg,ama_14,0.34375,0.5447736382484436,0,75,999,75,999,636,0,636
15863263342_42a27cd3fa_o_d.jpg,ama_14,0.34375,0.5447736382484436,0,75,999,75,999,636,0,636
15863893315_126dd1edde_o_d.jpg,ama_14,0.375,0.4993758201599121,0,0,999,0,999,561,0,561
15677885509_319e275dc0_o_d.jpg,ama_14,0.34375,0.5707152485847473,0,75,999,75,999,636,0,636
15678171507_1692a3d665_o_d.jpg,ama_14,0.375,0.5447736382484436,0,0,999,0,999,561,0,561
15677920599_0142e0ca9b_o_d.jpg,ama_14,0.3125,0.5210878252983093,0,75,999,75,999,636,0,636
15678171037_bcbe22020d_o_d.jpg,ama_14,0.34375,0.6307905316352844,0,0,999,0,999,561,0,561
15241714584_b7862d614b_o_d.jpg,ama_14,0.375,0.5707152485847473,0,75,999,75,999,636,0,636
15863367782_a5ab2f98c3_o_d.jpg,ama_14,0.375,0.5447736382484436,0,75,999,75,999,636,0,636
15244345333_ebebbe5545_o_d.jpg,ama_14,0.375,0.5707152485847473,0,150,999,150,999,711,0,711
15838191216_76bb26e17a_o_d.jpg,ama_14,0.2812499701976776,0.5447735786437988,0,0,999,0,999,561,0,561
15244350223_450f06a501_o_d.jpg,ama_14,0.3125,0.5447736382484436,0,75,999,75,999,636,0,636
15863372492_c388d04351_o_d.jpg,ama_14,0.375,0.5447736382484436,0,150,999,150,999,711,0,711
15838233416_e4ab59c619_o_d.jpg,ama_14,0.375,0.6307905316352844,0,75,999,75,999,636,0,636
15864040035_ccb5baeb2a_o_d.jpg,ama_14,0.34375,0.5447736382484436,0,150,999,150,999,711,0,711
15863408952_e6bedddb10_o_d.jpg,ama_14,0.375,0.5447736382484436,0,150,999,150,999,711,0,711
15244386683_d935bbaf35_o_d.jpg,ama_14,0.3125,0.4993758201599121,0,150,999,150,999,711,0,711
15862050181_08fb928cc4_o_d.jpg,ama_14,0.3125,0.5447736382484436,0,0,999,0,999,561,0,561
15838232596_631a46901c_o_d.jpg,ama_14,0.34375,0.5707152485847473,0,0,999,0,999,561,0,561
15838232456_3e65d69718_o_d.jpg,ama_14,0.59375,0.705001175403595,0,150,999,150,999,711,0,711
15241754444_a2de296a30_o_d.jpg,ama_14,0.5625,0.7490636706352234,0,225,999,225,999,786,0,786
15244394333_841d4162d6_o_d.jpg,ama_14,0.34375,0.5210878252983093,0,0,999,0,999,561,0,561
15676526268_92a9420f52_o_d.jpg,ama_14,0.34375,0.5707152485847473,0,75,999,75,999,636,0,636
15678280787_1578162917_o_d.jpg,ama_14,0.34375,0.6307905316352844,0,0,999,0,999,561,0,561
15300683241_3516a6f1a5_o_d.jpg,tgit_14,0.3437499701976776,0.5440481305122375,0,225,1499,225,1499,1067,0,1067
15303459832_839e5efea5_o_d.jpg,tgit_14,0.375,0.5984529852867126,0,225,1499,225,1499,1067,0,1067
15117118920_cb3dfcd992_o_d.jpg,tgit_14,0.3437499701976776,0.6299504637718201,0,225,1499,225,1499,1067,0,1067
15280776736_3c6fde9efa_o_d.jpg,tgit_14,0.3125000298023224,0.5440481901168823,0,0,1499,0,1499,842,0,842
15117055299_ccce8dc66c_o_d.jpg,tgit_14,0.4375000596046448,0.49049243330955505,0,130,1499,130,1499,973,0,973
15300681711_5e2c8a691d_o_d.jpg,tgit_14,0.3437499701976776,0.6649477481842041,0,112,1499,112,1499,955,0,955
15303965215_524dfc5bcb_o_d.jpg,tgit_14,0.375,0.6649478077888489,0,112,1499,112,1499,955,0,955
15300820941_cffae8d7eb_o_d.jpg,tgit_14,0.375,0.5984529852867126,0,0,1499,0,1499,842,0,842
15300821061_5567b374e4_o_d.jpg,tgit_14,0.3437499701976776,0.6299504637718201,0,225,1499,225,1499,1067,0,1067
15303598902_46406e0798_o_d.jpg,tgit_14,0.375,0.5984529852867126,0,112,1499,112,1499,955,0,955
15280915826_3993b26a72_o_d.jpg,tgit_14,0.3437499701976776,0.5984529852867126,0,112,1499,112,1499,955,0,955
15117407329_31979bf4f2_o_d.jpg,tgit_14,0.34375,0.6648356914520264,0,0,1996,0,1996,1121,0,1121
15303813942_6e2d434331_o_d.jpg,tgit_14,0.34375,0.543956458568573,0,0,1996,0,1996,1121,0,1121
15117623857_d93c7ffbee_o_d.jpg,tgit_14,0.34375,0.543956458568573,0,0,1996,0,1996,1121,0,1121
15304178185_48819b251d_o_d.jpg,tgit_14,0.34375,0.5698591470718384,0,0,1996,0,1996,1121,0,1121
15304178255_381f336705_o_d.jpg,tgit_14,0.34375,0.5203061699867249,0,0,1996,0,1996,1121,0,1121
15304333315_27f0745897_o_d.jpg,tgit_14,0.3437499701976776,0.5440481305122375,0,112,1499,112,1499,955,0,955
15304333195_bb17711532_o_d.jpg,tgit_14,0.3437499701976776,0.5440481305122375,0,112,1499,112,1499,955,0,955
15281284716_5507d13ba7_o_d.jpg,tgit_14,0.3437499701976776,0.5699552297592163,0,0,1499,0,1499,842,0,842
15301187561_454a2698ed_o_d.jpg,tgit_14,0.3437499701976776,0.5699552297592163,0,0,1499,0,1499,842,0,842
15304332195_bd9987aeb9_o_d.jpg,tgit_14,0.375,0.6299505233764648,0,225,1499,225,1499,1067,0,1067
15304331065_ed5575e223_o_d.jpg,tgit_14,0.3125000298023224,0.5440481901168823,0,112,1499,112,1499,955,0,955
17394778570_98bcb71974_o_d.jpg,abc_16,0.375,0.6661673188209534,0,300,2000,300,2000,1424,0,1424
17582311801_3b79929e25_o_d.jpg,abc_16,0.4375,0.6661673188209534,0,450,2000,450,2000,1574,0,1574
17394777030_70776eb518_o_d.jpg,abc_16,0.375,0.7490637302398682,0,600,1999,600,1999,1723,0,1723
17582362135_86bb84d07d_o_d.jpg,abc_16,0.34375,0.6311058402061462,0,300,2000,300,2000,1424,0,1424
17394774700_169a5a4b84_o_d.jpg,abc_16,0.375,0.6658344268798828,0,300,1999,300,1999,1423,0,1423
17555994716_a82fc75930_o_d.jpg,abc_16,0.375,0.6311058402061462,0,450,2000,450,2000,1574,0,1574
17582360625_02382a05d6_o_d.jpg,abc_16,0.34375,0.6661672592163086,0,300,2000,300,2000,1424,0,1424
16959802834_4f4d8ed389_o_d.jpg,abc_16,0.40625,0.7050011157989502,0,600,1999,600,1999,1723,0,1723
17555993136_93196f5564_o_d.jpg,abc_16,0.375,0.49962547421455383,0,300,2000,300,2000,1424,0,1424
17394771050_ecabc5fc99_o_d.jpg,abc_16,0.4375,0.7053536176681519,0,300,2000,300,2000,1424,0,1424
17394763600_8e9e77bfde_o_d.jpg,abc_16,0.375,0.7490637302398682,0,300,1999,300,1999,1423,0,1423
17580034192_01af7bd9a9_o_d.jpg,abc_16,0.40625,0.7053536772727966,0,600,2000,600,2000,1724,0,1724
17394539518_d3e5090e41_o_d.jpg,abc_16,0.375,0.6661673188209534,0,150,2000,150,2000,1274,0,1274
17394767990_3988ab6cc4_o_d.jpg,abc_16,0.375,0.6661673188209534,0,300,2000,300,2000,1424,0,1424
17582351095_dfb628c52e_o_d.jpg,abc_16,0.375,0.6661673188209534,0,300,2000,300,2000,1424,0,1424
17580033042_543fffc408_o_d.jpg,abc_16,0.375,0.7494382262229919,0,450,2000,450,2000,1574,0,1574
17555994286_237f03fb1d_o_d.jpg,abc_16,0.375,0.5995506048202515,0,600,2000,600,2000,1724,0,1724
17396006869_c97c588ee6_o_d.jpg,abc_16,0.40625,0.7994007468223572,0,450,2000,450,2000,1574,0,1574
16962012723_d5f133c0e2_o_d.jpg,abc_16,0.375,0.7053536772727966,0,600,2000,600,2000,1724,0,1724
17394764880_7b742e5e89_o_d.jpg,abc_16,0.4375,0.6661673188209534,0,450,2000,450,2000,1574,0,1574
19541812538_beb5bb2e85_o_d.jpg,espy_15,0.4687500298023224,0.5995506048202515,0,0,2000,0,2000,1124,0,1124
19543251759_94b461ce9b_o_d.jpg,espy_15,0.34375,0.6661672592163086,0,300,2000,300,2000,1424,0,1424
19722659592_81cae5a53d_o_d.jpg,espy_15,0.40625,0.5213482975959778,0,0,2000,0,2000,1124,0,1124
19542583730_2d0197465c_o_d.jpg,espy_15,0.40625,0.6311058402061462,0,0,2000,0,2000,1124,0,1124
19542710590_e918821d59_o_d.jpg,espy_15,0.40625,0.6311058402061462,0,0,2000,0,2000,1124,0,1124
19543900930_469aa9f885_o_d.jpg,espy_15,0.4375,0.7494382262229919,0,450,2000,450,2000,1574,0,1574
19546560859_e03069cb34_o_d.jpg,espy_15,0.3125,0.6661673188209534,0,150,2000,150,2000,1274,0,1274
19733175705_93c3da3143_o_d.jpg,espy_15,0.40625,0.6311058402061462,0,150,2000,150,2000,1274,0,1274
19706964316_a142fee053_o_d.jpg,espy_15,0.4375000298023224,0.5710005760192871,0,0,2000,0,2000,1124,0,1124
19545958858_58b543e47a_o_d.jpg,espy_15,0.375,0.5995505452156067,0,300,2000,300,2000,1424,0,1424
19738643971_6d0f90215c_o_d.jpg,espy_15,0.34375,0.5450459718704224,0,300,2000,300,2000,1424,0,1424
19113085793_22aafcd2a9_o_d.jpg,espy_15,0.34375,0.5450459718704224,0,150,2000,150,2000,1274,0,1274
19545976250_4fd830e06d_o_d.jpg,espy_15,0.4374999403953552,0.5995505452156067,0,0,2000,0,2000,1124,0,1124
19546338760_73dfcf346a_o_d.jpg,espy_15,0.40625,0.6311058402061462,0,300,2000,300,2000,1424,0,1424
19739009501_b84a845689_o_d.jpg,espy_15,0.4375,0.5450459718704224,0,150,2000,150,2000,1274,0,1274
19739006861_fc5011859e_o_d.jpg,espy_15,0.40625,0.7494382262229919,0,0,2000,0,2000,1124,0,1124
19546957318_fe4bce9853_o_d.jpg,espy_15,0.40625,0.5983521342277527,0,300,1996,300,1996,1421,0,1421
19708798886_50b09586fc_o_d.jpg,espy_15,0.40625,0.543956458568573,0,0,1996,0,1996,1121,0,1121
19739648381_e1684ba04a_o_d.jpg,espy_15,0.40625,0.6648356914520264,0,150,1996,150,1996,1271,0,1271
19739639801_465c4e98c7_o_d.jpg,espy_15,0.4687499701976776,0.5983520746231079,0,150,1996,150,1996,1271,0,1271
19546963930_f7885382a0_o_d.jpg,espy_15,0.34375,0.4986267685890198,0,0,1996,0,1996,1121,0,1121
19734996725_8812490fd9_o_d.jpg,espy_15,0.40625,0.5472251176834106,0,0,2008,0,2008,1128,0,1128
19735717665_7c297a542c_o_d.jpg,espy_15,0.34375,0.543956458568573,0,0,1996,0,1996,1121,0,1121
19709509236_f47d784763_o_d.jpg,espy_15,0.34375,0.5983521342277527,0,0,1996,0,1996,1121,0,1121
19549091369_72f3c18b01_o_d.jpg,espy_15,0.375,0.6298443078994751,0,150,1996,150,1996,1271,0,1271
19548211060_d2d30541f0_o_d.jpg,espy_15,0.40625,0.7494382262229919,0,450,2000,450,2000,1574,0,1574
19113904944_01a2605828_o_d.jpg,espy_15,0.375,0.70394366979599,0,0,1996,0,1996,1121,0,1121
19729268922_3295d77483_o_d.jpg,espy_15,0.40625,0.6307904720306396,0,0,1999,0,1999,1123,0,1123
19548424488_298f4c9901_o_d.jpg,espy_15,0.375,0.6307905316352844,0,0,1999,0,1999,1123,0,1123
19729268492_9713806a15_o_d.jpg,espy_15,0.53125,0.6298443078994751,0,0,1996,0,1996,1121,0,1121
19710278186_abd8299fa1_o_d.jpg,espy_15,0.40625,0.6658344268798828,0,0,1999,0,1999,1123,0,1123
19548443210_9142d17b1e_o_d.jpg,espy_15,0.34375,0.5983521342277527,0,0,1996,0,1996,1121,0,1121
19548418858_ab6f59edbd_o_d.jpg,espy_15,0.34375,0.5707152485847473,0,0,1999,0,1999,1123,0,1123
19548438560_7706369eab_o_d.jpg,espy_15,0.40625,0.5707151889801025,0,0,1999,0,1999,1123,0,1123
19736465385_eaa0ae3d47_o_d.jpg,espy_15,0.375,0.5447736382484436,0,0,1999,0,1999,1123,0,1123
19548434030_1769390247_o_d.jpg,espy_15,0.4999999701976776,0.5983520746231079,0,300,1996,300,1996,1421,0,1421
19548548278_b67ac3846f_o_d.jpg,espy_15,0.375,0.5995505452156067,0,0,2000,0,2000,1124,0,1124
19548564460_959973ffd8_o_d.jpg,espy_15,0.40625,0.6311058402061462,0,0,2000,0,2000,1124,0,1124
19729362222_db18acc253_o_d.jpg,espy_15,0.375,0.5450459718704224,0,0,2000,0,2000,1124,0,1124
19114025674_4b2449daaf_o_d.jpg,espy_15,0.5000000596046448,0.631105899810791,0,150,2000,150,2000,1274,0,1274
19710385146_91520e4cc8_o_d.jpg,espy_15,0.4375,0.6661673188209534,0,0,2000,0,2000,1124,0,1124
19548520768_d7cb068b04_o_d.jpg,espy_15,0.40625,0.5995505452156067,0,150,2000,150,2000,1274,0,1274
19736571245_04bcf57918_o_d.jpg,espy_15,0.34375,0.49962547421455383,0,0,2000,0,2000,1124,0,1124
19741215291_f773cbd8dd_o_d.jpg,espy_15,0.59375,0.631105899810791,0,0,2000,0,2000,1124,0,1124
19729372912_f6a59a0c7f_o_d.jpg,espy_15,0.375,0.7494382262229919,0,0,2000,0,2000,1124,0,1124
35078935923_ecbab87a86_o_d.jpg,emmy_16,0.375,0.5707152485847473,0,0,1999,0,1999,1123,0,1123
29775286585_f82c000b85_o_d.jpg,emmy_16,0.375,0.7053536772727966,0,600,2000,600,2000,1724,0,1724
29775286455_9107a44c4e_o_d.jpg,emmy_16,0.34375,0.6311058402061462,0,300,2000,300,2000,1424,0,1424
29147653014_f00f8c694a_o_d.jpg,emmy_16,0.375,0.7053536772727966,0,600,2000,600,2000,1724,0,1724
29775285995_65545c27f0_o_d.jpg,emmy_16,0.34375,0.6311058402061462,0,300,2000,300,2000,1424,0,1424
29483108670_8a591b19cf_o_d.jpg,emmy_16,0.375,0.7053536176681519,0,300,2000,300,2000,1424,0,1424
29147652264_f79cdf8266_o_d.jpg,emmy_16,0.34375,0.5450459718704224,0,300,2000,300,2000,1424,0,1424
29739578486_dd2951915d_o_d.jpg,emmy_16,0.375,0.5992509722709656,0,300,1999,300,1999,1423,0,1423
29739577646_ef5695f94d_o_d.jpg,emmy_16,0.34375,0.5707152485847473,0,300,1999,300,1999,1423,0,1423
29150031253_2a9cdf1ce6_o_d.jpg,emmy_16,0.34375,0.665834367275238,0,450,1999,450,1999,1573,0,1573
29662942532_cf0d813fe2_o_d.jpg,emmy_16,0.34375,0.7053536772727966,0,600,2000,600,2000,1724,0,1724
29692841981_d81857541b_o_d.jpg,emmy_16,0.375,0.7053536772727966,0,600,2000,600,2000,1724,0,1724
29775333505_2921ae5f44_o_d.jpg,emmy_16,0.34375,0.7494382858276367,0,600,2000,600,2000,1724,0,1724
29775333135_2ca4281a87_o_d.jpg,emmy_16,0.34375,0.6311058402061462,0,450,2000,450,2000,1574,0,1574
29662940702_9a847ddae1_o_d.jpg,emmy_16,0.375,0.7053536772727966,0,600,2000,600,2000,1724,0,1724
29739634876_f2e908418f_o_d.jpg,emmy_16,0.34375,0.6311058402061462,0,300,2000,300,2000,1424,0,1424
29739634236_940664f975_o_d.jpg,emmy_16,0.375,0.7053536176681519,0,300,2000,300,2000,1424,0,1424
29692842501_e31b571bfe_o_d.jpg,emmy_16,0.34375,0.5450459718704224,0,300,2000,300,2000,1424,0,1424
29150076583_885c8b9249_o_d.jpg,emmy_16,0.375,0.5707152485847473,0,300,1999,300,1999,1423,0,1423
29150487573_9aaf91fef0_o_d.jpg,emmy_16,0.34375,0.5707152485847473,0,300,1999,300,1999,1423,0,1423
29775761675_f208c5ede3_o_d.jpg,emmy_16,0.34375,0.6658344268798828,0,300,1999,300,1999,1423,0,1423
29775759565_b9318b7f58_o_d.jpg,emmy_16,0.40625,0.6307904720306396,0,0,1999,0,1999,1123,0,1123
29775746135_4f770742e4_o_d.jpg,emmy_16,0.34375,0.705001175403595,0,300,1999,300,1999,1423,0,1423
29740050126_dd92f496ba_o_d.jpg,emmy_16,0.34375,0.5992509722709656,0,300,1999,300,1999,1423,0,1423
29740049806_5e6036faef_o_d.jpg,emmy_16,0.34375,0.6658344268798828,0,300,1999,300,1999,1423,0,1423
29148399134_1368633166_o_d.jpg,emmy_16,0.375,0.5707152485847473,0,300,1999,300,1999,1423,0,1423
29693523711_79cd113c4a_o_d.jpg,emmy_16,0.34375,0.6307905316352844,0,0,1999,0,1999,1123,0,1123
29483959130_383eabaaaf_o_d.jpg,emmy_16,0.34375,0.705001175403595,0,300,1999,300,1999,1423,0,1423
29483958720_686d322a3f_o_d.jpg,emmy_16,0.34375,0.5992509722709656,0,300,1999,300,1999,1423,0,1423
29148397444_3e35158005_o_d.jpg,emmy_16,0.34375,0.5992509722709656,0,300,1999,300,1999,1423,0,1423
29150721363_678b9c3998_o_d.jpg,emmy_16,0.34375,0.6307905316352844,0,300,1999,300,1999,1423,0,1423
29740302226_823f36b944_o_d.jpg,emmy_16,0.375,0.705001175403595,0,300,1999,300,1999,1423,0,1423
29693519181_80c6211e85_o_d.jpg,emmy_16,0.34375,0.5707152485847473,0,300,1999,300,1999,1423,0,1423
29740544666_82c97b497a_o_d.jpg,emmy_16,0.40625,0.7490637302398682,0,300,1999,300,1999,1423,0,1423
29740548016_d408ca116b_o_d.jpg,emmy_16,0.375,0.705001175403595,0,300,1999,300,1999,1423,0,1423
29148682034_7b55231368_o_d.jpg,emmy_16,0.34375,0.5992509722709656,0,300,1999,300,1999,1423,0,1423
29776301085_e06aced5c8_o_d.jpg,emmy_16,0.34375,0.5992509722709656,0,300,1999,300,1999,1423,0,1423
29740545986_efa699bb17_o_d.jpg,emmy_16,0.3125,0.5447736382484436,0,300,1999,300,1999,1423,0,1423
29740544876_b241630734_o_d.jpg,emmy_16,0.375,0.705001175403595,0,300,1999,300,1999,1423,0,1423
29776710775_1bf2d5cb36_o_d.jpg,emmy_16,0.375,0.705001175403595,0,150,1999,150,1999,1273,0,1273
29151462643_20d8d2d957_o_d.jpg,emmy_16,0.40625,0.7490637302398682,0,300,1999,300,1999,1423,0,1423
29151462203_ca2a030a6d_o_d.jpg,emmy_16,0.34375,0.705001175403595,0,300,1999,300,1999,1423,0,1423
29151458353_4959b687f1_o_d.jpg,emmy_16,0.375,0.705001175403595,0,300,1999,300,1999,1423,0,1423
29776719665_472ce97a68_o_d.jpg,emmy_16,0.375,0.5992509722709656,0,300,1999,300,1999,1423,0,1423
29776711515_7b9ca6e6d4_o_d.jpg,emmy_16,0.34375,0.6658344268798828,0,300,1999,300,1999,1423,0,1423
29776712425_48d2bd3a8b_o_d.jpg,emmy_16,0.40625,0.7490637302398682,0,300,1999,300,1999,1423,0,1423
29485018420_5a61cb4e62_o_d.jpg,emmy_16,0.34375,0.5210878252983093,0,300,1999,300,1999,1423,0,1423
29485018230_ae59936249_o_d.jpg,emmy_16,0.375,0.7490637302398682,0,300,1999,300,1999,1423,0,1423
29485017880_9c4e1ac974_o_d.jpg,emmy_16,0.34375,0.6307905316352844,0,150,1999,150,1999,1273,0,1273
29149533664_03e27e970c_o_d.jpg,emmy_16,0.34375,0.5992509722709656,0,300,1999,300,1999,1423,0,1423
29149533414_a6a4e512ff_o_d.jpg,emmy_16,0.3125000298023224,0.5707152485847473,0,300,1999,300,1999,1423,0,1423
29151847433_af06fce736_o_d.jpg,emmy_16,0.5625,0.6658344268798828,0,600,1999,600,1999,1723,0,1723
29664694022_53f879559b_o_d.jpg,emmy_16,0.375,0.6658344268798828,0,150,1999,150,1999,1273,0,1273
29741359506_20b6575855_o_d.jpg,emmy_16,0.3125,0.6661673188209534,0,300,2000,300,2000,1424,0,1424
29741359396_3eede8af77_o_d.jpg,emmy_16,0.375,0.7053536176681519,0,300,2000,300,2000,1424,0,1424
29666302642_aa77e4c804_o_d.jpg,emmy_16,0.34375,0.5992509722709656,0,150,1999,150,1999,1273,0,1273
29486670000_6cb491a4fc_o_d.jpg,emmy_16,0.375,0.5992509722709656,0,0,1999,0,1999,1123,0,1123
29696168791_74aaf60d55_o_d.jpg,emmy_16,0.34375,0.5447736382484436,0,0,1999,0,1999,1123,0,1123
29486662880_d12f33a618_o_d.jpg,emmy_16,0.34375,0.6307905316352844,0,300,1999,300,1999,1423,0,1423
29743043136_4f77f35c6e_o_d.jpg,emmy_16,0.40625,0.7050011157989502,0,600,1999,600,1999,1723,0,1723
29153503153_d24a23ba39_o_d.jpg,emmy_16,0.3125,0.5447736382484436,0,300,1999,300,1999,1423,0,1423
29666276682_b1db29f3d7_o_d.jpg,emmy_16,0.375,0.7490637302398682,0,0,1999,0,1999,1123,0,1123
29151065414_32aba898d5_o_d.jpg,emmy_16,0.375,0.6658344268798828,0,300,1999,300,1999,1423,0,1423
29666286322_b48a16c68e_o_d.jpg,emmy_16,0.34375,0.5447736382484436,0,300,1999,300,1999,1423,0,1423
29153487013_ecbbe767f8_o_d.jpg,emmy_16,0.4375000298023224,0.705001175403595,0,0,1999,0,1999,1123,0,1123
29666285352_16991dc669_o_d.jpg,emmy_16,0.40625,0.7490637302398682,0,150,1999,150,1999,1273,0,1273
29743030786_f9cbea4838_o_d.jpg,emmy_16,0.375,0.7490637302398682,0,300,1999,300,1999,1423,0,1423
29743030196_f99cf913c5_o_d.jpg,emmy_16,0.375,0.7990013360977173,0,300,1999,300,1999,1423,0,1423
29486644230_8c65c996c4_o_d.jpg,emmy_16,0.34375,0.5992509722709656,0,300,1999,300,1999,1423,0,1423
29666279612_79969edcd4_o_d.jpg,emmy_16,0.34375,0.6658344268798828,0,300,1999,300,1999,1423,0,1423
29151198514_1179db4749_o_d.jpg,emmy_16,0.34375,0.6311058402061462,0,300,2000,300,2000,1424,0,1424
29743151406_7f3389dc06_o_d.jpg,emmy_16,0.34375,0.6661672592163086,0,300,2000,300,2000,1424,0,1424
29696284551_1a94a4ab49_o_d.jpg,emmy_16,0.34375,0.7053536176681519,0,300,2000,300,2000,1424,0,1424
29743150856_fcec5d4038_o_d.jpg,emmy_16,0.3125,0.5995506048202515,0,300,2000,300,2000,1424,0,1424
29743150436_267dbd1937_o_d.jpg,emmy_16,0.34375,0.5710005164146423,0,300,2000,300,2000,1424,0,1424
29743150266_d3f586eefd_o_d.jpg,emmy_16,0.34375,0.6661672592163086,0,150,2000,150,2000,1274,0,1274
29151202254_824fb1c08f_o_d.jpg,emmy_16,0.34375,0.6311058402061462,0,300,2000,300,2000,1424,0,1424
29486775860_658dcec9bf_o_d.jpg,emmy_16,0.375,0.6311058402061462,0,300,2000,300,2000,1424,0,1424
29743147526_89d2e327eb_o_d.jpg,emmy_16,0.34375,0.6311058402061462,0,150,2000,150,2000,1274,0,1274
29779024535_d7fea3e7f9_o_d.jpg,emmy_16,0.34375,0.7494382262229919,0,450,2000,450,2000,1574,0,1574
29779024215_7936d7e388_o_d.jpg,emmy_16,0.375,0.7053536176681519,0,300,2000,300,2000,1424,0,1424
29779023995_0b65665561_o_d.jpg,emmy_16,0.375,0.6661673188209534,0,300,2000,300,2000,1424,0,1424
29486768260_c3e493535e_o_d.jpg,emmy_16,0.34375,0.5450459718704224,0,300,2000,300,2000,1424,0,1424
29151200424_7ee8b919fc_o_d.jpg,emmy_16,0.375,0.7053536176681519,0,150,2000,150,2000,1274,0,1274
29779023635_263e6b0881_o_d.jpg,emmy_16,0.34375,0.5995505452156067,0,300,2000,300,2000,1424,0,1424
29151193354_488d78c72e_o_d.jpg,emmy_16,0.375,0.6661673188209534,0,300,2000,300,2000,1424,0,1424
29151199584_f623182b3b_o_d.jpg,emmy_16,0.375,0.7994007468223572,0,300,2000,300,2000,1424,0,1424
29151199194_facd753d9c_o_d.jpg,emmy_16,0.40625,0.6311058402061462,0,300,2000,300,2000,1424,0,1424
29153580943_ea71a80d00_o_d.jpg,emmy_16,0.40625,0.6661673188209534,0,300,2000,300,2000,1424,0,1424
29697146661_9c084f086a_o_d.jpg,emmy_16,0.34375,0.7990013360977173,0,150,1999,150,1999,1273,0,1273
29152106244_25f8ed8da4_o_d.jpg,emmy_16,0.375,0.7490637302398682,0,150,1999,150,1999,1273,0,1273
29743970526_4e6450a97e_o_d.jpg,emmy_16,0.34375,0.7490637302398682,0,300,1999,300,1999,1423,0,1423
29152217974_cbef07e4e0_o_d.jpg,emmy_16,0.375,0.7990013360977173,0,300,1999,300,1999,1423,0,1423
29667359112_c5fd9ce2e2_o_d.jpg,emmy_16,0.40625,0.7490637302398682,0,300,1999,300,1999,1423,0,1423
29744459556_29a9bf1cfe_o_d.jpg,emmy_16,0.46875,0.7053536176681519,0,300,2000,300,2000,1424,0,1424
29744459316_0ac28ebe58_o_d.jpg,emmy_16,0.34375,0.6661672592163086,0,300,2000,300,2000,1424,0,1424
29154894883_56a3e64d93_o_d.jpg,emmy_16,0.375,0.5995505452156067,0,300,2000,300,2000,1424,0,1424
29744457536_49a96556fe_o_d.jpg,emmy_16,0.375,0.7494382262229919,0,300,2000,300,2000,1424,0,1424
29154894383_98d95a16fc_o_d.jpg,emmy_16,0.34375,0.5995505452156067,0,300,2000,300,2000,1424,0,1424
29154894143_af60779691_o_d.jpg,emmy_16,0.375,0.5710005164146423,0,300,2000,300,2000,1424,0,1424
29152546084_c8322fab38_o_d.jpg,emmy_16,0.375,0.7053536176681519,0,300,2000,300,2000,1424,0,1424
29154893623_387178f91c_o_d.jpg,emmy_16,0.34375,0.5710005164146423,0,300,2000,300,2000,1424,0,1424
29154893483_ab527b14df_o_d.jpg,emmy_16,0.375,0.7053536176681519,0,300,2000,300,2000,1424,0,1424
29154892693_46d8471c2f_o_d.jpg,emmy_16,0.34375,0.6311058402061462,0,300,2000,300,2000,1424,0,1424
29152545154_b11c4fa660_o_d.jpg,emmy_16,0.375,0.7053536176681519,0,300,2000,300,2000,1424,0,1424
29155315573_6c2a9d2fab_o_d.jpg,emmy_16,0.375,0.6658344268798828,0,300,1999,300,1999,1423,0,1423
29155315343_46d3d4eb1e_o_d.jpg,emmy_16,0.4375000298023224,0.6658344864845276,0,150,1999,150,1999,1273,0,1273
29668224012_feae569800_o_d.jpg,emmy_16,0.5,0.6658344268798828,0,0,1999,0,1999,1123,0,1123
29155314083_1fc3cb8052_o_d.jpg,emmy_16,0.34375,0.6307905316352844,0,150,1999,150,1999,1273,0,1273
29155313463_7312e6209a_o_d.jpg,emmy_16,0.34375,0.705001175403595,0,150,1999,150,1999,1273,0,1273
29155855093_d4f69e5c38_o_d.jpg,emmy_16,0.375,0.6661673188209534,0,300,2000,300,2000,1424,0,1424
29155851583_fa0d9250ff_o_d.jpg,emmy_16,0.375,0.5710005164146423,0,0,2000,0,2000,1124,0,1124
29668810062_545445c329_o_d.jpg,emmy_16,0.375,0.6661673188209534,0,300,2000,300,2000,1424,0,1424
29668810032_0ef58917fd_o_d.jpg,emmy_16,0.3124999701976776,0.5450459718704224,0,300,2000,300,2000,1424,0,1424
29668809772_150f88b42c_o_d.jpg,emmy_16,0.34375,0.5995506048202515,0,600,2000,600,2000,1724,0,1724
29668808082_63151db9a0_o_d.jpg,emmy_16,0.40625,0.5995505452156067,0,300,2000,300,2000,1424,0,1424
29668809612_10cbfd32d0_o_d.jpg,emmy_16,0.375,0.6661673188209534,0,300,2000,300,2000,1424,0,1424
29155850953_18f1e3be54_o_d.jpg,emmy_16,0.34375,0.7994007468223572,0,300,2000,300,2000,1424,0,1424
29668807812_a62f7c57d7_o_d.jpg,emmy_16,0.375,0.7494382262229919,0,150,2000,150,2000,1274,0,1274
29668809052_c74c5ee696_o_d.jpg,emmy_16,0.34375,0.6661672592163086,0,300,2000,300,2000,1424,0,1424
29668809002_87e09313fe_o_d.jpg,emmy_16,0.34375,0.5995505452156067,0,300,2000,300,2000,1424,0,1424
29668808752_94dc13800d_o_d.jpg,emmy_16,0.34375,0.7053536176681519,0,150,2000,150,2000,1274,0,1274
29155852103_1f41d0c539_o_d.jpg,emmy_16,0.375,0.7053536176681519,0,0,2000,0,2000,1124,0,1124
29153518894_0215769dec_o_d.jpg,emmy_16,0.375,0.5992509722709656,0,300,1999,300,1999,1423,0,1423
29153518074_2d79d7aa84_o_d.jpg,emmy_16,0.34375,0.7053536176681519,0,300,2000,300,2000,1424,0,1424
29155911763_5e51a10ea7_o_d.jpg,emmy_16,0.5,0.7994007468223572,0,150,2000,150,2000,1274,0,1274
29155995453_83629009da_o_d.jpg,emmy_16,0.34375,0.6661672592163086,0,300,2000,300,2000,1424,0,1424
29155995563_1ee58cc0c6_o_d.jpg,emmy_16,0.40625,0.6658344268798828,0,0,1999,0,1999,1123,0,1123
28188648372_339ca52c03_o_d.jpg,espy_16,0.40625,0.7050011157989502,0,0,1999,0,1999,1123,0,1123
28188648272_5995bdc8a4_o_d.jpg,espy_16,0.4062500298023224,0.5447736382484436,0,0,1999,0,1999,1123,0,1123
27677053283_b4503ea083_o_d.jpg,espy_16,0.40625,0.6658344268798828,0,0,1999,0,1999,1123,0,1123
28188648172_2f88ce2c08_o_d.jpg,espy_16,0.375,0.6658344268798828,0,300,1999,300,1999,1423,0,1423
28011197680_4d38905f03_o_d.jpg,espy_16,0.375,0.5210878252983093,0,0,1999,0,1999,1123,0,1123
28188648002_910d7407cd_o_d.jpg,espy_16,0.6250000596046448,0.6307905316352844,0,300,1999,300,1999,1423,0,1423
28292908255_8bbbd05685_o_d.jpg,espy_16,0.40625,0.5992509722709656,0,0,1999,0,1999,1123,0,1123
27677316113_f2cba3cdc0_o_d.jpg,espy_16,0.4375000298023224,0.5707152485847473,0,150,1999,150,1999,1273,0,1273
28214373401_91985e57d3_o_d.jpg,espy_16,0.46875,0.5992509722709656,0,0,1999,0,1999,1123,0,1123
27677401223_794c8085a4_o_d.jpg,espy_16,0.375,0.5992509722709656,0,0,1999,0,1999,1123,0,1123
27677401153_b93c432623_o_d.jpg,espy_16,0.375,0.5992509722709656,0,0,1999,0,1999,1123,0,1123
27677400973_912a150b9c_o_d.jpg,espy_16,0.40625,0.5707151889801025,0,0,1999,0,1999,1123,0,1123
28189245122_068d8317fb_o_d.jpg,espy_16,0.40625,0.5707151889801025,0,0,1999,0,1999,1123,0,1123
28011936540_b338dab92c_o_d.jpg,espy_16,0.4375000298023224,0.5707152485847473,0,150,1999,150,1999,1273,0,1273
28259379006_c16f775518_o_d.jpg,espy_16,0.40625,0.5992509722709656,0,150,1999,150,1999,1273,0,1273
28293505635_7520ba02b7_o_d.jpg,espy_16,0.40625,0.5992509722709656,0,0,1999,0,1999,1123,0,1123
27677967993_a15517a19e_o_d.jpg,espy_16,0.4375000298023224,0.5447736382484436,0,0,1999,0,1999,1123,0,1123
28215127291_22384bdf4b_o_d.jpg,espy_16,0.4375000298023224,0.6658344864845276,0,300,1999,300,1999,1423,0,1423
28293684425_a02bef4498_o_d.jpg,espy_16,0.375,0.5992509722709656,0,0,1999,0,1999,1123,0,1123
28012151520_b4d102ecde_o_d.jpg,espy_16,0.40625,0.5707151889801025,0,0,1999,0,1999,1123,0,1123
27677590554_0ee1aa5db5_o_d.jpg,espy_16,0.5000000596046448,0.5707152485847473,0,300,1999,300,1999,1423,0,1423
27677590454_94eafaf43e_o_d.jpg,espy_16,0.375,0.705001175403595,0,150,1999,150,1999,1273,0,1273
27678281383_70df299157_o_d.jpg,espy_16,0.4375000298023224,0.5992510318756104,0,150,1999,150,1999,1273,0,1273
28293887465_401574bb51_o_d.jpg,espy_16,0.6250000596046448,0.6307905316352844,0,0,1999,0,1999,1123,0,1123
27678281223_080ca54643_o_d.jpg,espy_16,0.53125,0.5992509722709656,0,0,1999,0,1999,1123,0,1123
27678279303_8053721dcb_o_d.jpg,espy_16,0.46875,0.5447736382484436,0,0,1999,0,1999,1123,0,1123
28293888305_fa9a13bb8e_o_d.jpg,espy_16,0.4375000298023224,0.6307905316352844,0,0,1999,0,1999,1123,0,1123
27678279883_123cc7f533_o_d.jpg,espy_16,0.375,0.705001175403595,0,0,1999,0,1999,1123,0,1123
28293887625_bb384e1104_o_d.jpg,espy_16,0.375,0.705001175403595,0,0,1999,0,1999,1123,0,1123
28012474650_966df8f9d7_o_d.jpg,espy_16,0.34375,0.6658344268798828,0,0,1999,0,1999,1123,0,1123
27677873434_6e1ef2bcae_o_d.jpg,espy_16,0.40625,0.7050011157989502,0,0,1999,0,1999,1123,0,1123
28012613050_1486f9a022_o_d.jpg,espy_16,0.4375000298023224,0.5707152485847473,0,0,1999,0,1999,1123,0,1123
27678513863_c2f9b34a5b_o_d.jpg,espy_16,0.375,0.5992509722709656,0,0,1999,0,1999,1123,0,1123
28012612960_c049fb38bd_o_d.jpg,espy_16,0.375,0.705001175403595,0,150,1999,150,1999,1273,0,1273
28215549031_78e20f093d_o_d.jpg,espy_16,0.46875,0.5992509722709656,0,0,1999,0,1999,1123,0,1123
27678513443_f5a05c97d0_o_d.jpg,espy_16,0.625,0.705001175403595,0,300,1999,300,1999,1423,0,1423
27678513103_d53e21a964_o_d.jpg,espy_16,0.46875,0.5707152485847473,0,0,1999,0,1999,1123,0,1123
27678730053_89db6b2c05_o_d.jpg,espy_16,0.46875,0.5707152485847473,0,0,1999,0,1999,1123,0,1123
28215761961_213e4d0554_o_d.jpg,espy_16,0.40625,0.5992509722709656,0,0,1999,0,1999,1123,0,1123
27678905153_4010b2812d_o_d.jpg,espy_16,0.375,0.5992509722709656,0,0,1999,0,1999,1123,0,1123
27678904833_6666228f1e_o_d.jpg,espy_16,0.5312500596046448,0.5210878252983093,0,0,1999,0,1999,1123,0,1123
27678381164_f037368e1c_o_d.jpg,espy_16,0.40625,0.7050011157989502,0,150,1999,150,1999,1273,0,1273
35717106402_2fd2aa241f_o_d.jpg,espy_17,0.375,0.6658344268798828,0,300,1999,300,1999,1423,0,1423
35717106302_867a22db01_o_d.jpg,espy_17,0.375,0.6307905316352844,0,0,1999,0,1999,1123,0,1123
35717106212_c8eeefdf4a_o_d.jpg,espy_17,0.375,0.6307905316352844,0,150,1999,150,1999,1273,0,1273
35077023493_30411c6a42_o_d.jpg,espy_17,0.4062500298023224,0.5447736382484436,0,300,1999,300,1999,1423,0,1423
35754953761_99685e01a6_o_d.jpg,espy_17,0.4375000298023224,0.5707152485847473,0,150,1999,150,1999,1273,0,1273
35717427862_45ace3966a_o_d.jpg,espy_17,0.4062500298023224,0.5447736382484436,0,0,1999,0,1999,1123,0,1123
35717427672_63e275fb2f_o_d.jpg,espy_17,0.40625,0.6658344268798828,0,150,1999,150,1999,1273,0,1273
35717427502_5b280c262c_o_d.jpg,espy_17,0.40625,0.7990012764930725,0,150,1999,150,1999,1273,0,1273
35717426182_b45862df94_o_d.jpg,espy_17,0.4375000298023224,0.6307905316352844,0,0,1999,0,1999,1123,0,1123
35717426142_7e3ac3e79a_o_d.jpg,espy_17,0.40625,0.6307904720306396,0,150,1999,150,1999,1273,0,1273
35499058000_e45a98c583_o_d.jpg,espy_17,0.40625,0.6307904720306396,0,0,1999,0,1999,1123,0,1123
35846071716_15179c345c_o_d.jpg,espy_17,0.40625,0.6307904720306396,0,0,1999,0,1999,1123,0,1123
35499056930_5f593b5c2a_o_d.jpg,espy_17,0.4375000298023224,0.5447736382484436,0,150,1999,150,1999,1273,0,1273
35846296266_7796e106e8_o_d.jpg,espy_17,0.4375000298023224,0.5707152485847473,0,150,1999,150,1999,1273,0,1273
35755751151_ed8f717d8a_o_d.jpg,espy_17,0.40625,0.6658344268798828,0,300,1999,300,1999,1423,0,1423
35755750931_ec5e4972d3_o_d.jpg,espy_17,0.375,0.6658344268798828,0,150,1999,150,1999,1273,0,1273
35077847033_7cfa3b5a55_o_d.jpg,espy_17,0.40625,0.5992509722709656,0,0,1999,0,1999,1123,0,1123
35077846523_76a325b93f_o_d.jpg,espy_17,0.46875,0.6658344268798828,0,300,1999,300,1999,1423,0,1423
35756092741_a200d1898b_o_d.jpg,espy_17,0.5,0.6658344268798828,0,300,1999,300,1999,1423,0,1423
35756092351_79f78caa76_o_d.jpg,espy_17,0.5,0.6307905316352844,0,150,1999,150,1999,1273,0,1273
35756091531_9f1f707fa8_o_d.jpg,espy_17,0.375,0.705001175403595,0,300,1999,300,1999,1423,0,1423
35047921494_a1953cbaa2_o_d.jpg,espy_17,0.4375000298023224,0.6307905316352844,0,300,1999,300,1999,1423,0,1423
35718259662_cb9a209e75_o_d.jpg,espy_17,0.5312499403953552,0.6307904720306396,0,300,1999,300,1999,1423,0,1423
35846709786_01e8fb10be_o_d.jpg,espy_17,0.40625,0.6307904720306396,0,300,1999,300,1999,1423,0,1423
35887700525_5bc801e397_o_d.jpg,espy_17,0.4375000298023224,0.6658344864845276,0,300,1999,300,1999,1423,0,1423
35756364941_7715592c95_o_d.jpg,espy_17,0.5000000596046448,0.5707152485847473,0,0,1999,0,1999,1123,0,1123
35887695315_053fd58c68_o_d.jpg,espy_17,0.40625,0.5992509722709656,0,0,1999,0,1999,1123,0,1123
35756363761_6fcde346ff_o_d.jpg,espy_17,0.375,0.6307905316352844,0,0,1999,0,1999,1123,0,1123
35048449884_bb039b4c54_o_d.jpg,espy_17,0.46875,0.6658344268798828,0,300,1999,300,1999,1423,0,1423
35048449614_be0df05be3_o_d.jpg,espy_17,0.4375000298023224,0.7490637898445129,0,300,1999,300,1999,1423,0,1423
35048444984_66b28f0df0_o_d.jpg,espy_17,0.4375000298023224,0.6658344864845276,0,300,1999,300,1999,1423,0,1423
35048440564_a8e778aa07_o_d.jpg,espy_17,0.40625,0.7990012764930725,0,300,1999,300,1999,1423,0,1423
35500142670_bc73bab42e_o_d.jpg,espy_17,0.375,0.6658344268798828,0,300,1999,300,1999,1423,0,1423
35756754941_8c9d84f530_o_d.jpg,espy_17,0.4375000298023224,0.5707152485847473,0,300,1999,300,1999,1423,0,1423
35500142270_850f5351ba_o_d.jpg,espy_17,0.4375000298023224,0.6658344864845276,0,300,1999,300,1999,1423,0,1423
35756926681_8f2d7d21e5_o_d.jpg,espy_17,0.46875,0.5992509722709656,0,300,1999,300,1999,1423,0,1423
35756926341_f37f263df4_o_d.jpg,espy_17,0.5,0.6658344268798828,0,150,1999,150,1999,1273,0,1273
35078935923_ecbab87a86_o_d.jpg,espy_17,0.375,0.5707152485847473,0,0,1999,0,1999,1123,0,1123
