file_url,file_name,album,sal_x,sal_y,crop_0,crop_1,crop_2,crop_3,width,height,size_image,width_round,height_round
https://live.staticflickr.com/8576/15678067187_5df9778ea6_o_d.jpg,15678067187_5df9778ea6_o_d.jpg,ama_14,862.0,1162.0,0.0,882.0,1000.0,560.0,1000.0,1500.0,"(1000, 1500)",1000,1500
https://live.staticflickr.com/7486/15863195222_319e1e6588_o_d.jpg,15863195222_319e1e6588_o_d.jpg,ama_14,412.0,187.0,0.0,0.0,1000.0,560.0,1000.0,1500.0,"(1000, 1500)",1000,1500
https://live.staticflickr.com/7483/15863847385_e81fa7dd70_o_d.jpg,15863847385_e81fa7dd70_o_d.jpg,ama_14,487.0,412.0,0.0,132.0,1000.0,560.0,1000.0,1500.0,"(1000, 1500)",1000,1500
https://live.staticflickr.com/7513/15678085497_942f92cbcb_o_d.jpg,15678085497_942f92cbcb_o_d.jpg,ama_14,562.0,412.0,0.0,132.0,1000.0,560.0,1000.0,1500.0,"(1000, 1500)",1000,1500
https://live.staticflickr.com/8678/15863847175_a140a75a16_o_d.jpg,15863847175_a140a75a16_o_d.jpg,ama_14,787.0,937.0,0.0,657.0,1000.0,560.0,1000.0,1500.0,"(1000, 1500)",1000,1500
https://live.staticflickr.com/8569/15861859071_bc6f2f3f98_o_d.jpg,15861859071_bc6f2f3f98_o_d.jpg,ama_14,562.0,337.0,0.0,57.0,1000.0,560.0,1000.0,1500.0,"(1000, 1500)",1000,1500
https://live.staticflickr.com/8561/15863845875_0eda1d8f6c_o_d.jpg,15863845875_0eda1d8f6c_o_d.jpg,ama_14,487.0,337.0,0.0,57.0,1000.0,560.0,1000.0,1500.0,"(1000, 1500)",1000,1500
https://live.staticflickr.com/7539/15678085107_b792f81bb4_o_d.jpg,15678085107_b792f81bb4_o_d.jpg,ama_14,562.0,262.0,0.0,0.0,1000.0,560.0,1000.0,1500.0,"(1000, 1500)",1000,1500
https://live.staticflickr.com/8605/15838037366_dbfe1977a2_o_d.jpg,15838037366_dbfe1977a2_o_d.jpg,ama_14,787.0,937.0,0.0,657.0,1000.0,560.0,1000.0,1500.0,"(1000, 1500)",1000,1500
https://live.staticflickr.com/7483/15861858621_cd1d1c4d06_o_d.jpg,15861858621_cd1d1c4d06_o_d.jpg,ama_14,487.0,262.0,0.0,0.0,1000.0,560.0,1000.0,1500.0,"(1000, 1500)",1000,1500
https://live.staticflickr.com/8614/15676506330_263b276607_o_d.jpg,15676506330_263b276607_o_d.jpg,ama_14,487.0,337.0,0.0,57.0,1000.0,560.0,1000.0,1500.0,"(1000, 1500)",1000,1500
https://live.staticflickr.com/8618/15676326728_3d372dbb82_o_d.jpg,15676326728_3d372dbb82_o_d.jpg,ama_14,562.0,337.0,0.0,57.0,1000.0,560.0,1000.0,1500.0,"(1000, 1500)",1000,1500
https://live.staticflickr.com/8615/15678084287_4c64807da0_o_d.jpg,15678084287_4c64807da0_o_d.jpg,ama_14,787.0,937.0,0.0,657.0,1000.0,560.0,1000.0,1500.0,"(1000, 1500)",1000,1500
https://live.staticflickr.com/7582/15244195223_07aceda54c_o_d.jpg,15244195223_07aceda54c_o_d.jpg,ama_14,712.0,1162.0,0.0,882.0,1000.0,560.0,1000.0,1500.0,"(1000, 1500)",1000,1500
https://live.staticflickr.com/7485/15244195143_b01f9c9516_o_d.jpg,15244195143_b01f9c9516_o_d.jpg,ama_14,787.0,337.0,0.0,57.0,1000.0,560.0,1000.0,1500.0,"(1000, 1500)",1000,1500
https://live.staticflickr.com/7528/15241569494_1a4d1d7642_o_d.jpg,15241569494_1a4d1d7642_o_d.jpg,ama_14,562.0,262.0,0.0,0.0,1000.0,560.0,1000.0,1500.0,"(1000, 1500)",1000,1500
https://live.staticflickr.com/7576/15244202963_8b872b58f4_o_d.jpg,15244202963_8b872b58f4_o_d.jpg,ama_14,487.0,337.0,0.0,57.0,1000.0,560.0,1000.0,1500.0,"(1000, 1500)",1000,1500
https://live.staticflickr.com/7579/15241573164_a08c1effa7_o_d.jpg,15241573164_a08c1effa7_o_d.jpg,ama_14,862.0,937.0,0.0,657.0,1000.0,560.0,1000.0,1500.0,"(1000, 1500)",1000,1500
https://live.staticflickr.com/8624/15677843499_ef6aaa3882_o_d.jpg,15677843499_ef6aaa3882_o_d.jpg,ama_14,562.0,187.0,0.0,0.0,1000.0,560.0,1000.0,1500.0,"(1000, 1500)",1000,1500
https://live.staticflickr.com/7505/15676337378_5c0374958f_o_d.jpg,15676337378_5c0374958f_o_d.jpg,ama_14,487.0,337.0,0.0,57.0,1000.0,560.0,1000.0,1500.0,"(1000, 1500)",1000,1500
https://live.staticflickr.com/8577/15863263342_42a27cd3fa_o_d.jpg,15863263342_42a27cd3fa_o_d.jpg,ama_14,862.0,937.0,0.0,657.0,1000.0,560.0,1000.0,1500.0,"(1000, 1500)",1000,1500
https://live.staticflickr.com/8674/15863893315_126dd1edde_o_d.jpg,15863893315_126dd1edde_o_d.jpg,ama_14,562.0,187.0,0.0,0.0,1000.0,560.0,1000.0,1500.0,"(1000, 1500)",1000,1500
https://live.staticflickr.com/7483/15677885509_319e275dc0_o_d.jpg,15677885509_319e275dc0_o_d.jpg,ama_14,562.0,262.0,0.0,0.0,1000.0,560.0,1000.0,1500.0,"(1000, 1500)",1000,1500
https://live.staticflickr.com/7503/15678171507_1692a3d665_o_d.jpg,15678171507_1692a3d665_o_d.jpg,ama_14,562.0,187.0,0.0,0.0,1000.0,560.0,1000.0,1500.0,"(1000, 1500)",1000,1500
https://live.staticflickr.com/8617/15677920599_0142e0ca9b_o_d.jpg,15677920599_0142e0ca9b_o_d.jpg,ama_14,487.0,262.0,0.0,0.0,1000.0,560.0,1000.0,1500.0,"(1000, 1500)",1000,1500
https://live.staticflickr.com/7567/15678171037_bcbe22020d_o_d.jpg,15678171037_bcbe22020d_o_d.jpg,ama_14,487.0,262.0,0.0,0.0,1000.0,560.0,1000.0,1500.0,"(1000, 1500)",1000,1500
https://live.staticflickr.com/7484/15241714584_b7862d614b_o_d.jpg,15241714584_b7862d614b_o_d.jpg,ama_14,487.0,262.0,0.0,0.0,1000.0,560.0,1000.0,1500.0,"(1000, 1500)",1000,1500
https://live.staticflickr.com/8600/15863367782_a5ab2f98c3_o_d.jpg,15863367782_a5ab2f98c3_o_d.jpg,ama_14,712.0,937.0,0.0,657.0,1000.0,560.0,1000.0,1500.0,"(1000, 1500)",1000,1500
https://live.staticflickr.com/7574/15244345333_ebebbe5545_o_d.jpg,15244345333_ebebbe5545_o_d.jpg,ama_14,562.0,262.0,0.0,0.0,1000.0,560.0,1000.0,1500.0,"(1000, 1500)",1000,1500
https://live.staticflickr.com/7567/15838191216_76bb26e17a_o_d.jpg,15838191216_76bb26e17a_o_d.jpg,ama_14,487.0,337.0,0.0,57.0,1000.0,560.0,1000.0,1500.0,"(1000, 1500)",1000,1500
https://live.staticflickr.com/7552/15244350223_450f06a501_o_d.jpg,15244350223_450f06a501_o_d.jpg,ama_14,937.0,1162.0,0.0,882.0,1000.0,560.0,1000.0,1500.0,"(1000, 1500)",1000,1500
https://live.staticflickr.com/7564/15863372492_c388d04351_o_d.jpg,15863372492_c388d04351_o_d.jpg,ama_14,712.0,1237.0,0.0,940.0,1000.0,560.0,1000.0,1500.0,"(1000, 1500)",1000,1500
https://live.staticflickr.com/7508/15838233416_e4ab59c619_o_d.jpg,15838233416_e4ab59c619_o_d.jpg,ama_14,487.0,337.0,0.0,57.0,1000.0,560.0,1000.0,1500.0,"(1000, 1500)",1000,1500
https://live.staticflickr.com/8679/15864040035_ccb5baeb2a_o_d.jpg,15864040035_ccb5baeb2a_o_d.jpg,ama_14,487.0,412.0,0.0,132.0,1000.0,560.0,1000.0,1500.0,"(1000, 1500)",1000,1500
https://live.staticflickr.com/7494/15863408952_e6bedddb10_o_d.jpg,15863408952_e6bedddb10_o_d.jpg,ama_14,637.0,412.0,0.0,132.0,1000.0,560.0,1000.0,1500.0,"(1000, 1500)",1000,1500
https://live.staticflickr.com/7501/15244386683_d935bbaf35_o_d.jpg,15244386683_d935bbaf35_o_d.jpg,ama_14,562.0,337.0,0.0,57.0,1000.0,560.0,1000.0,1500.0,"(1000, 1500)",1000,1500
https://live.staticflickr.com/8648/15862050181_08fb928cc4_o_d.jpg,15862050181_08fb928cc4_o_d.jpg,ama_14,487.0,262.0,0.0,0.0,1000.0,560.0,1000.0,1500.0,"(1000, 1500)",1000,1500
https://live.staticflickr.com/8587/15838232596_631a46901c_o_d.jpg,15838232596_631a46901c_o_d.jpg,ama_14,487.0,337.0,0.0,57.0,1000.0,560.0,1000.0,1500.0,"(1000, 1500)",1000,1500
https://live.staticflickr.com/7517/15838232456_3e65d69718_o_d.jpg,15838232456_3e65d69718_o_d.jpg,ama_14,712.0,937.0,0.0,657.0,1000.0,560.0,1000.0,1500.0,"(1000, 1500)",1000,1500
https://live.staticflickr.com/7568/15241754444_a2de296a30_o_d.jpg,15241754444_a2de296a30_o_d.jpg,ama_14,712.0,937.0,0.0,657.0,1000.0,560.0,1000.0,1500.0,"(1000, 1500)",1000,1500
https://live.staticflickr.com/7499/15244394333_841d4162d6_o_d.jpg,15244394333_841d4162d6_o_d.jpg,ama_14,562.0,337.0,0.0,57.0,1000.0,560.0,1000.0,1500.0,"(1000, 1500)",1000,1500
https://live.staticflickr.com/7468/15676526268_92a9420f52_o_d.jpg,15676526268_92a9420f52_o_d.jpg,ama_14,412.0,337.0,0.0,57.0,1000.0,560.0,1000.0,1500.0,"(1000, 1500)",1000,1500
https://live.staticflickr.com/7561/15678280787_1578162917_o_d.jpg,15678280787_1578162917_o_d.jpg,ama_14,862.0,1162.0,0.0,882.0,1000.0,560.0,1000.0,1500.0,"(1000, 1500)",1000,1500
https://live.staticflickr.com/5562/15300683241_3516a6f1a5_o_d.jpg,15300683241_3516a6f1a5_o_d.jpg,tgit_14,1295.0,1520.0,0.0,1100.0,1500.0,840.0,1500.0,2253.0,"(1500, 2250)",1500,2250
https://live.staticflickr.com/5567/15303459832_839e5efea5_o_d.jpg,15303459832_839e5efea5_o_d.jpg,tgit_14,394.0,844.0,0.0,424.0,1500.0,840.0,1500.0,2253.0,"(1500, 2250)",1500,2250
https://live.staticflickr.com/3908/15117118920_cb3dfcd992_o_d.jpg,15117118920_cb3dfcd992_o_d.jpg,tgit_14,394.0,1408.0,0.0,988.0,1500.0,840.0,1500.0,2253.0,"(1500, 2250)",1500,2250
https://live.staticflickr.com/5576/15280776736_3c6fde9efa_o_d.jpg,15280776736_3c6fde9efa_o_d.jpg,tgit_14,844.0,506.0,0.0,86.0,1500.0,840.0,1500.0,2253.0,"(1500, 2250)",1500,2250
https://live.staticflickr.com/3859/15117055299_ccce8dc66c_o_d.jpg,15117055299_ccce8dc66c_o_d.jpg,tgit_14,719.0,458.0,0.0,38.0,1500.0,840.0,1500.0,2618.0,"(1500, 2500)",1500,2500
https://live.staticflickr.com/5551/15300681711_5e2c8a691d_o_d.jpg,15300681711_5e2c8a691d_o_d.jpg,tgit_14,732.0,506.0,0.0,86.0,1500.0,840.0,1500.0,2253.0,"(1500, 2250)",1500,2250
https://live.staticflickr.com/3856/15303965215_524dfc5bcb_o_d.jpg,15303965215_524dfc5bcb_o_d.jpg,tgit_14,281.0,1182.0,0.0,762.0,1500.0,840.0,1500.0,2253.0,"(1500, 2250)",1500,2250
https://live.staticflickr.com/3862/15300820941_cffae8d7eb_o_d.jpg,15300820941_cffae8d7eb_o_d.jpg,tgit_14,281.0,1520.0,0.0,1100.0,1500.0,840.0,1500.0,2253.0,"(1500, 2250)",1500,2250
https://live.staticflickr.com/3906/15300821061_5567b374e4_o_d.jpg,15300821061_5567b374e4_o_d.jpg,tgit_14,1295.0,844.0,0.0,424.0,1500.0,840.0,1500.0,2253.0,"(1500, 2250)",1500,2250
https://live.staticflickr.com/5551/15303598902_46406e0798_o_d.jpg,15303598902_46406e0798_o_d.jpg,tgit_14,394.0,1295.0,0.0,875.0,1500.0,840.0,1500.0,2253.0,"(1500, 2250)",1500,2250
https://live.staticflickr.com/5567/15280915826_3993b26a72_o_d.jpg,15280915826_3993b26a72_o_d.jpg,tgit_14,844.0,506.0,0.0,86.0,1500.0,840.0,1500.0,2253.0,"(1500, 2250)",1500,2250
https://live.staticflickr.com/5556/15117407329_31979bf4f2_o_d.jpg,15117407329_31979bf4f2_o_d.jpg,tgit_14,1125.0,525.0,0.0,0.0,1997.0,1118.0,1997.0,3000.0,"(2000, 3000)",2000,3000
https://live.staticflickr.com/5559/15303813942_6e2d434331_o_d.jpg,15303813942_6e2d434331_o_d.jpg,tgit_14,975.0,525.0,0.0,0.0,1997.0,1118.0,1997.0,3000.0,"(2000, 3000)",2000,3000
https://live.staticflickr.com/5565/15117623857_d93c7ffbee_o_d.jpg,15117623857_d93c7ffbee_o_d.jpg,tgit_14,1725.0,1575.0,0.0,1016.0,1997.0,1118.0,1997.0,3000.0,"(2000, 3000)",2000,3000
https://live.staticflickr.com/5579/15304178185_48819b251d_o_d.jpg,15304178185_48819b251d_o_d.jpg,tgit_14,1725.0,1125.0,0.0,566.0,1997.0,1118.0,1997.0,3000.0,"(2000, 3000)",2000,3000
https://live.staticflickr.com/5582/15304178255_381f336705_o_d.jpg,15304178255_381f336705_o_d.jpg,tgit_14,525.0,1125.0,0.0,566.0,1997.0,1118.0,1997.0,3000.0,"(2000, 3000)",2000,3000
https://live.staticflickr.com/5573/15304333315_27f0745897_o_d.jpg,15304333315_27f0745897_o_d.jpg,tgit_14,281.0,1182.0,0.0,762.0,1500.0,840.0,1500.0,2253.0,"(1500, 2250)",1500,2250
https://live.staticflickr.com/5551/15304333195_bb17711532_o_d.jpg,15304333195_bb17711532_o_d.jpg,tgit_14,394.0,1520.0,0.0,1100.0,1500.0,840.0,1500.0,2253.0,"(1500, 2250)",1500,2250
https://live.staticflickr.com/5562/15281284716_5507d13ba7_o_d.jpg,15281284716_5507d13ba7_o_d.jpg,tgit_14,281.0,844.0,0.0,424.0,1500.0,840.0,1500.0,2253.0,"(1500, 2250)",1500,2250
https://live.staticflickr.com/5582/15301187561_454a2698ed_o_d.jpg,15301187561_454a2698ed_o_d.jpg,tgit_14,1182.0,1182.0,0.0,762.0,1500.0,840.0,1500.0,2253.0,"(1500, 2250)",1500,2250
https://live.staticflickr.com/3920/15304332195_bd9987aeb9_o_d.jpg,15304332195_bd9987aeb9_o_d.jpg,tgit_14,1182.0,506.0,0.0,86.0,1500.0,840.0,1500.0,2253.0,"(1500, 2250)",1500,2250
https://live.staticflickr.com/3912/15304331065_ed5575e223_o_d.jpg,15304331065_ed5575e223_o_d.jpg,tgit_14,1182.0,1295.0,0.0,875.0,1500.0,840.0,1500.0,2253.0,"(1500, 2250)",1500,2250
https://live.staticflickr.com/8860/17394778570_98bcb71974_o_d.jpg,17394778570_98bcb71974_o_d.jpg,abc_16,375.0,375.0,0.0,0.0,2001.0,1121.0,2001.0,3000.0,"(2000, 3000)",2000,3000
https://live.staticflickr.com/5340/17582311801_3b79929e25_o_d.jpg,17582311801_3b79929e25_o_d.jpg,abc_16,975.0,825.0,0.0,265.0,2001.0,1121.0,2001.0,3000.0,"(2000, 3000)",2000,3000
https://live.staticflickr.com/7777/17394777030_70776eb518_o_d.jpg,17394777030_70776eb518_o_d.jpg,abc_16,525.0,375.0,0.0,0.0,2000.0,1120.0,2000.0,3000.0,"(2000, 3000)",2000,3000
https://live.staticflickr.com/5331/17582362135_86bb84d07d_o_d.jpg,17582362135_86bb84d07d_o_d.jpg,abc_16,525.0,525.0,0.0,0.0,2001.0,1121.0,2001.0,3000.0,"(2000, 3000)",2000,3000
https://live.staticflickr.com/5447/17394774700_169a5a4b84_o_d.jpg,17394774700_169a5a4b84_o_d.jpg,abc_16,525.0,1725.0,0.0,1165.0,2000.0,1120.0,2000.0,3000.0,"(2000, 3000)",2000,3000
https://live.staticflickr.com/5349/17555994716_a82fc75930_o_d.jpg,17555994716_a82fc75930_o_d.jpg,abc_16,1125.0,825.0,0.0,265.0,2001.0,1121.0,2001.0,3000.0,"(2000, 3000)",2000,3000
https://live.staticflickr.com/5339/17582360625_02382a05d6_o_d.jpg,17582360625_02382a05d6_o_d.jpg,abc_16,1425.0,525.0,0.0,0.0,2001.0,1121.0,2001.0,3000.0,"(2000, 3000)",2000,3000
https://live.staticflickr.com/7727/16959802834_4f4d8ed389_o_d.jpg,16959802834_4f4d8ed389_o_d.jpg,abc_16,1425.0,525.0,0.0,0.0,2000.0,1120.0,2000.0,3000.0,"(2000, 3000)",2000,3000
https://live.staticflickr.com/5444/17555993136_93196f5564_o_d.jpg,17555993136_93196f5564_o_d.jpg,abc_16,525.0,1725.0,0.0,1165.0,2001.0,1121.0,2001.0,3000.0,"(2000, 3000)",2000,3000
https://live.staticflickr.com/7672/17394771050_ecabc5fc99_o_d.jpg,17394771050_ecabc5fc99_o_d.jpg,abc_16,375.0,525.0,0.0,0.0,2001.0,1121.0,2001.0,3000.0,"(2000, 3000)",2000,3000
https://live.staticflickr.com/8808/17394763600_8e9e77bfde_o_d.jpg,17394763600_8e9e77bfde_o_d.jpg,abc_16,975.0,375.0,0.0,0.0,2000.0,1120.0,2000.0,3000.0,"(2000, 3000)",2000,3000
https://live.staticflickr.com/8711/17580034192_01af7bd9a9_o_d.jpg,17580034192_01af7bd9a9_o_d.jpg,abc_16,1275.0,825.0,0.0,265.0,2001.0,1121.0,2001.0,3000.0,"(2000, 3000)",2000,3000
https://live.staticflickr.com/8715/17394539518_d3e5090e41_o_d.jpg,17394539518_d3e5090e41_o_d.jpg,abc_16,975.0,525.0,0.0,0.0,2001.0,1121.0,2001.0,3000.0,"(2000, 3000)",2000,3000
https://live.staticflickr.com/8733/17394767990_3988ab6cc4_o_d.jpg,17394767990_3988ab6cc4_o_d.jpg,abc_16,1125.0,1425.0,0.0,865.0,2001.0,1121.0,2001.0,3000.0,"(2000, 3000)",2000,3000
https://live.staticflickr.com/7772/17582351095_dfb628c52e_o_d.jpg,17582351095_dfb628c52e_o_d.jpg,abc_16,1275.0,525.0,0.0,0.0,2001.0,1121.0,2001.0,3000.0,"(2000, 3000)",2000,3000
https://live.staticflickr.com/8738/17580033042_543fffc408_o_d.jpg,17580033042_543fffc408_o_d.jpg,abc_16,1425.0,1725.0,0.0,1165.0,2001.0,1121.0,2001.0,3000.0,"(2000, 3000)",2000,3000
https://live.staticflickr.com/7672/17555994286_237f03fb1d_o_d.jpg,17555994286_237f03fb1d_o_d.jpg,abc_16,1425.0,525.0,0.0,0.0,2001.0,1121.0,2001.0,3000.0,"(2000, 3000)",2000,3000
https://live.staticflickr.com/5322/17396006869_c97c588ee6_o_d.jpg,17396006869_c97c588ee6_o_d.jpg,abc_16,1725.0,1725.0,0.0,1165.0,2001.0,1121.0,2001.0,3000.0,"(2000, 3000)",2000,3000
https://live.staticflickr.com/5330/16962012723_d5f133c0e2_o_d.jpg,16962012723_d5f133c0e2_o_d.jpg,abc_16,1275.0,675.0,0.0,115.0,2001.0,1121.0,2001.0,3000.0,"(2000, 3000)",2000,3000
https://live.staticflickr.com/5347/17394764880_7b742e5e89_o_d.jpg,17394764880_7b742e5e89_o_d.jpg,abc_16,1125.0,675.0,0.0,115.0,2001.0,1121.0,2001.0,3000.0,"(2000, 3000)",2000,3000
https://live.staticflickr.com/431/19541812538_beb5bb2e85_o_d.jpg,19541812538_beb5bb2e85_o_d.jpg,espy_15,1575.0,1725.0,0.0,1165.0,2001.0,1121.0,2001.0,3000.0,"(2000, 3000)",2000,3000
https://live.staticflickr.com/382/19543251759_94b461ce9b_o_d.jpg,19543251759_94b461ce9b_o_d.jpg,espy_15,1575.0,2325.0,0.0,1765.0,2001.0,1121.0,2001.0,3000.0,"(2000, 3000)",2000,3000
https://live.staticflickr.com/524/19722659592_81cae5a53d_o_d.jpg,19722659592_81cae5a53d_o_d.jpg,espy_15,825.0,375.0,0.0,0.0,2001.0,1121.0,2001.0,3000.0,"(2000, 3000)",2000,3000
https://live.staticflickr.com/458/19542583730_2d0197465c_o_d.jpg,19542583730_2d0197465c_o_d.jpg,espy_15,1725.0,2325.0,0.0,1765.0,2001.0,1121.0,2001.0,3000.0,"(2000, 3000)",2000,3000
https://live.staticflickr.com/519/19542710590_e918821d59_o_d.jpg,19542710590_e918821d59_o_d.jpg,espy_15,975.0,525.0,0.0,0.0,2001.0,1121.0,2001.0,3000.0,"(2000, 3000)",2000,3000
https://live.staticflickr.com/531/19543900930_469aa9f885_o_d.jpg,19543900930_469aa9f885_o_d.jpg,espy_15,525.0,975.0,0.0,415.0,2001.0,1121.0,2001.0,3000.0,"(2000, 3000)",2000,3000
https://live.staticflickr.com/509/19546560859_e03069cb34_o_d.jpg,19546560859_e03069cb34_o_d.jpg,espy_15,975.0,675.0,0.0,115.0,2001.0,1121.0,2001.0,3000.0,"(2000, 3000)",2000,3000
https://live.staticflickr.com/538/19733175705_93c3da3143_o_d.jpg,19733175705_93c3da3143_o_d.jpg,espy_15,525.0,2175.0,0.0,1615.0,2001.0,1121.0,2001.0,3000.0,"(2000, 3000)",2000,3000
https://live.staticflickr.com/332/19706964316_a142fee053_o_d.jpg,19706964316_a142fee053_o_d.jpg,espy_15,525.0,1575.0,0.0,1015.0,2001.0,1121.0,2001.0,3000.0,"(2000, 3000)",2000,3000
https://live.staticflickr.com/393/19545958858_58b543e47a_o_d.jpg,19545958858_58b543e47a_o_d.jpg,espy_15,1425.0,2175.0,0.0,1615.0,2001.0,1121.0,2001.0,3000.0,"(2000, 3000)",2000,3000
https://live.staticflickr.com/350/19738643971_6d0f90215c_o_d.jpg,19738643971_6d0f90215c_o_d.jpg,espy_15,975.0,675.0,0.0,115.0,2001.0,1121.0,2001.0,3000.0,"(2000, 3000)",2000,3000
https://live.staticflickr.com/448/19113085793_22aafcd2a9_o_d.jpg,19113085793_22aafcd2a9_o_d.jpg,espy_15,525.0,1725.0,0.0,1165.0,2001.0,1121.0,2001.0,3000.0,"(2000, 3000)",2000,3000
https://live.staticflickr.com/361/19545976250_4fd830e06d_o_d.jpg,19545976250_4fd830e06d_o_d.jpg,espy_15,1725.0,2325.0,0.0,1765.0,2001.0,1121.0,2001.0,3000.0,"(2000, 3000)",2000,3000
https://live.staticflickr.com/535/19546338760_73dfcf346a_o_d.jpg,19546338760_73dfcf346a_o_d.jpg,espy_15,1425.0,525.0,0.0,0.0,2001.0,1121.0,2001.0,3000.0,"(2000, 3000)",2000,3000
https://live.staticflickr.com/477/19739009501_b84a845689_o_d.jpg,19739009501_b84a845689_o_d.jpg,espy_15,1275.0,1725.0,0.0,1165.0,2001.0,1121.0,2001.0,3000.0,"(2000, 3000)",2000,3000
https://live.staticflickr.com/339/19739006861_fc5011859e_o_d.jpg,19739006861_fc5011859e_o_d.jpg,espy_15,825.0,375.0,0.0,0.0,2001.0,1121.0,2001.0,3000.0,"(2000, 3000)",2000,3000
https://live.staticflickr.com/258/19546957318_fe4bce9853_o_d.jpg,19546957318_fe4bce9853_o_d.jpg,espy_15,1425.0,2325.0,0.0,1766.0,1997.0,1118.0,1997.0,3000.0,"(2000, 3000)",2000,3000
https://live.staticflickr.com/361/19708798886_50b09586fc_o_d.jpg,19708798886_50b09586fc_o_d.jpg,espy_15,1275.0,2325.0,0.0,1766.0,1997.0,1118.0,1997.0,3000.0,"(2000, 3000)",2000,3000
https://live.staticflickr.com/301/19739648381_e1684ba04a_o_d.jpg,19739648381_e1684ba04a_o_d.jpg,espy_15,1725.0,2475.0,0.0,1882.0,1997.0,1118.0,1997.0,3000.0,"(2000, 3000)",2000,3000
https://live.staticflickr.com/334/19739639801_465c4e98c7_o_d.jpg,19739639801_465c4e98c7_o_d.jpg,espy_15,1425.0,2475.0,0.0,1882.0,1997.0,1118.0,1997.0,3000.0,"(2000, 3000)",2000,3000
https://live.staticflickr.com/261/19546963930_f7885382a0_o_d.jpg,19546963930_f7885382a0_o_d.jpg,espy_15,1125.0,525.0,0.0,0.0,1997.0,1118.0,1997.0,3000.0,"(2000, 3000)",2000,3000
https://live.staticflickr.com/419/19734996725_8812490fd9_o_d.jpg,19734996725_8812490fd9_o_d.jpg,espy_15,375.0,2175.0,0.0,1613.0,2009.0,1125.0,2009.0,3000.0,"(2000, 3000)",2000,3000
https://live.staticflickr.com/381/19735717665_7c297a542c_o_d.jpg,19735717665_7c297a542c_o_d.jpg,espy_15,375.0,1425.0,0.0,866.0,1997.0,1118.0,1997.0,3000.0,"(2000, 3000)",2000,3000
https://live.staticflickr.com/297/19709509236_f47d784763_o_d.jpg,19709509236_f47d784763_o_d.jpg,espy_15,1725.0,2325.0,0.0,1766.0,1997.0,1118.0,1997.0,3000.0,"(2000, 3000)",2000,3000
https://live.staticflickr.com/448/19549091369_72f3c18b01_o_d.jpg,19549091369_72f3c18b01_o_d.jpg,espy_15,1725.0,2325.0,0.0,1766.0,1997.0,1118.0,1997.0,3000.0,"(2000, 3000)",2000,3000
https://live.staticflickr.com/401/19548211060_d2d30541f0_o_d.jpg,19548211060_d2d30541f0_o_d.jpg,espy_15,1725.0,1725.0,0.0,1165.0,2001.0,1121.0,2001.0,3000.0,"(2000, 3000)",2000,3000
https://live.staticflickr.com/376/19113904944_01a2605828_o_d.jpg,19113904944_01a2605828_o_d.jpg,espy_15,1575.0,2325.0,0.0,1766.0,1997.0,1118.0,1997.0,3000.0,"(2000, 3000)",2000,3000
https://live.staticflickr.com/407/19729268922_3295d77483_o_d.jpg,19729268922_3295d77483_o_d.jpg,espy_15,1725.0,2325.0,0.0,1765.0,2000.0,1120.0,2000.0,3000.0,"(2000, 3000)",2000,3000
https://live.staticflickr.com/274/19548424488_298f4c9901_o_d.jpg,19548424488_298f4c9901_o_d.jpg,espy_15,1575.0,2025.0,0.0,1465.0,2000.0,1120.0,2000.0,3000.0,"(2000, 3000)",2000,3000
https://live.staticflickr.com/393/19729268492_9713806a15_o_d.jpg,19729268492_9713806a15_o_d.jpg,espy_15,1575.0,1425.0,0.0,866.0,1997.0,1118.0,1997.0,3000.0,"(2000, 3000)",2000,3000
https://live.staticflickr.com/462/19710278186_abd8299fa1_o_d.jpg,19710278186_abd8299fa1_o_d.jpg,espy_15,675.0,375.0,0.0,0.0,2000.0,1120.0,2000.0,3000.0,"(2000, 3000)",2000,3000
https://live.staticflickr.com/539/19548443210_9142d17b1e_o_d.jpg,19548443210_9142d17b1e_o_d.jpg,espy_15,1425.0,1275.0,0.0,716.0,1997.0,1118.0,1997.0,3000.0,"(2000, 3000)",2000,3000
https://live.staticflickr.com/519/19548418858_ab6f59edbd_o_d.jpg,19548418858_ab6f59edbd_o_d.jpg,espy_15,1575.0,2175.0,0.0,1615.0,2000.0,1120.0,2000.0,3000.0,"(2000, 3000)",2000,3000
https://live.staticflickr.com/524/19548438560_7706369eab_o_d.jpg,19548438560_7706369eab_o_d.jpg,espy_15,1575.0,2325.0,0.0,1765.0,2000.0,1120.0,2000.0,3000.0,"(2000, 3000)",2000,3000
https://live.staticflickr.com/351/19736465385_eaa0ae3d47_o_d.jpg,19736465385_eaa0ae3d47_o_d.jpg,espy_15,1575.0,2175.0,0.0,1615.0,2000.0,1120.0,2000.0,3000.0,"(2000, 3000)",2000,3000
https://live.staticflickr.com/358/19548434030_1769390247_o_d.jpg,19548434030_1769390247_o_d.jpg,espy_15,1575.0,2325.0,0.0,1766.0,1997.0,1118.0,1997.0,3000.0,"(2000, 3000)",2000,3000
https://live.staticflickr.com/469/19548548278_b67ac3846f_o_d.jpg,19548548278_b67ac3846f_o_d.jpg,espy_15,975.0,375.0,0.0,0.0,2001.0,1121.0,2001.0,3000.0,"(2000, 3000)",2000,3000
https://live.staticflickr.com/276/19548564460_959973ffd8_o_d.jpg,19548564460_959973ffd8_o_d.jpg,espy_15,1725.0,375.0,0.0,0.0,2001.0,1121.0,2001.0,3000.0,"(2000, 3000)",2000,3000
https://live.staticflickr.com/557/19729362222_db18acc253_o_d.jpg,19729362222_db18acc253_o_d.jpg,espy_15,825.0,525.0,0.0,0.0,2001.0,1121.0,2001.0,3000.0,"(2000, 3000)",2000,3000
https://live.staticflickr.com/466/19114025674_4b2449daaf_o_d.jpg,19114025674_4b2449daaf_o_d.jpg,espy_15,1425.0,1725.0,0.0,1165.0,2001.0,1121.0,2001.0,3000.0,"(2000, 3000)",2000,3000
https://live.staticflickr.com/310/19710385146_91520e4cc8_o_d.jpg,19710385146_91520e4cc8_o_d.jpg,espy_15,1575.0,2025.0,0.0,1465.0,2001.0,1121.0,2001.0,3000.0,"(2000, 3000)",2000,3000
https://live.staticflickr.com/442/19548520768_d7cb068b04_o_d.jpg,19548520768_d7cb068b04_o_d.jpg,espy_15,1425.0,1575.0,0.0,1015.0,2001.0,1121.0,2001.0,3000.0,"(2000, 3000)",2000,3000
https://live.staticflickr.com/267/19736571245_04bcf57918_o_d.jpg,19736571245_04bcf57918_o_d.jpg,espy_15,1275.0,2175.0,0.0,1615.0,2001.0,1121.0,2001.0,3000.0,"(2000, 3000)",2000,3000
https://live.staticflickr.com/335/19741215291_f773cbd8dd_o_d.jpg,19741215291_f773cbd8dd_o_d.jpg,espy_15,1425.0,1725.0,0.0,1165.0,2001.0,1121.0,2001.0,3000.0,"(2000, 3000)",2000,3000
https://live.staticflickr.com/403/19729372912_f6a59a0c7f_o_d.jpg,19729372912_f6a59a0c7f_o_d.jpg,espy_15,975.0,375.0,0.0,0.0,2001.0,1121.0,2001.0,3000.0,"(2000, 3000)",2000,3000
https://live.staticflickr.com/4313/35078935923_ecbab87a86_o_d.jpg,35078935923_ecbab87a86_o_d.jpg,emmy_16,525.0,825.0,0.0,265.0,2000.0,1120.0,2000.0,3000.0,"(2000, 3000)",2000,3000
https://live.staticflickr.com/8257/29775286585_f82c000b85_o_d.jpg,29775286585_f82c000b85_o_d.jpg,emmy_16,975.0,825.0,0.0,265.0,2001.0,1121.0,2001.0,3000.0,"(2000, 3000)",2000,3000
https://live.staticflickr.com/8491/29775286455_9107a44c4e_o_d.jpg,29775286455_9107a44c4e_o_d.jpg,emmy_16,975.0,525.0,0.0,0.0,2001.0,1121.0,2001.0,3000.0,"(2000, 3000)",2000,3000
https://live.staticflickr.com/8210/29147653014_f00f8c694a_o_d.jpg,29147653014_f00f8c694a_o_d.jpg,emmy_16,975.0,825.0,0.0,265.0,2001.0,1121.0,2001.0,3000.0,"(2000, 3000)",2000,3000
https://live.staticflickr.com/8180/29775285995_65545c27f0_o_d.jpg,29775285995_65545c27f0_o_d.jpg,emmy_16,975.0,675.0,0.0,115.0,2001.0,1121.0,2001.0,3000.0,"(2000, 3000)",2000,3000
https://live.staticflickr.com/8027/29483108670_8a591b19cf_o_d.jpg,29483108670_8a591b19cf_o_d.jpg,emmy_16,975.0,525.0,0.0,0.0,2001.0,1121.0,2001.0,3000.0,"(2000, 3000)",2000,3000
https://live.staticflickr.com/8234/29147652264_f79cdf8266_o_d.jpg,29147652264_f79cdf8266_o_d.jpg,emmy_16,975.0,675.0,0.0,115.0,2001.0,1121.0,2001.0,3000.0,"(2000, 3000)",2000,3000
https://live.staticflickr.com/8125/29739578486_dd2951915d_o_d.jpg,29739578486_dd2951915d_o_d.jpg,emmy_16,975.0,675.0,0.0,115.0,2000.0,1120.0,2000.0,3000.0,"(2000, 3000)",2000,3000
https://live.staticflickr.com/8397/29739577646_ef5695f94d_o_d.jpg,29739577646_ef5695f94d_o_d.jpg,emmy_16,975.0,675.0,0.0,115.0,2000.0,1120.0,2000.0,3000.0,"(2000, 3000)",2000,3000
https://live.staticflickr.com/8031/29150031253_2a9cdf1ce6_o_d.jpg,29150031253_2a9cdf1ce6_o_d.jpg,emmy_16,1125.0,675.0,0.0,115.0,2000.0,1120.0,2000.0,3000.0,"(2000, 3000)",2000,3000
https://live.staticflickr.com/8126/29662942532_cf0d813fe2_o_d.jpg,29662942532_cf0d813fe2_o_d.jpg,emmy_16,1125.0,825.0,0.0,265.0,2001.0,1121.0,25487.0,7095.0,"(25500, 7000)",25500,7000
https://live.staticflickr.com/8269/29692841981_d81857541b_o_d.jpg,29692841981_d81857541b_o_d.jpg,emmy_16,975.0,825.0,0.0,265.0,2001.0,1121.0,2001.0,3000.0,"(2000, 3000)",2000,3000
https://live.staticflickr.com/8554/29775333505_2921ae5f44_o_d.jpg,29775333505_2921ae5f44_o_d.jpg,emmy_16,975.0,825.0,0.0,265.0,2001.0,1121.0,2001.0,3000.0,"(2000, 3000)",2000,3000
https://live.staticflickr.com/8179/29775333135_2ca4281a87_o_d.jpg,29775333135_2ca4281a87_o_d.jpg,emmy_16,975.0,825.0,0.0,265.0,2001.0,1121.0,2001.0,3000.0,"(2000, 3000)",2000,3000
https://live.staticflickr.com/8379/29662940702_9a847ddae1_o_d.jpg,29662940702_9a847ddae1_o_d.jpg,emmy_16,975.0,825.0,0.0,265.0,2001.0,1121.0,2001.0,3000.0,"(2000, 3000)",2000,3000
https://live.staticflickr.com/8051/29739634876_f2e908418f_o_d.jpg,29739634876_f2e908418f_o_d.jpg,emmy_16,975.0,525.0,0.0,0.0,2001.0,1121.0,2001.0,3000.0,"(2000, 3000)",2000,3000
https://live.staticflickr.com/8409/29739634236_940664f975_o_d.jpg,29739634236_940664f975_o_d.jpg,emmy_16,975.0,525.0,0.0,0.0,2001.0,1121.0,2001.0,3000.0,"(2000, 3000)",2000,3000
https://live.staticflickr.com/8121/29692842501_e31b571bfe_o_d.jpg,29692842501_e31b571bfe_o_d.jpg,emmy_16,975.0,675.0,0.0,115.0,2001.0,1121.0,2001.0,3000.0,"(2000, 3000)",2000,3000
https://live.staticflickr.com/8071/29150076583_885c8b9249_o_d.jpg,29150076583_885c8b9249_o_d.jpg,emmy_16,975.0,675.0,0.0,115.0,2000.0,1120.0,2000.0,3000.0,"(2000, 3000)",2000,3000
https://live.staticflickr.com/8055/29150487573_9aaf91fef0_o_d.jpg,29150487573_9aaf91fef0_o_d.jpg,emmy_16,975.0,825.0,0.0,265.0,2000.0,1120.0,2000.0,3000.0,"(2000, 3000)",2000,3000
https://live.staticflickr.com/8133/29775761675_f208c5ede3_o_d.jpg,29775761675_f208c5ede3_o_d.jpg,emmy_16,225.0,1575.0,0.0,1015.0,2000.0,1120.0,2000.0,3000.0,"(2000, 3000)",2000,3000
https://live.staticflickr.com/8161/29775759565_b9318b7f58_o_d.jpg,29775759565_b9318b7f58_o_d.jpg,emmy_16,975.0,375.0,0.0,0.0,2000.0,1120.0,2000.0,3000.0,"(2000, 3000)",2000,3000
https://live.staticflickr.com/8145/29775746135_4f770742e4_o_d.jpg,29775746135_4f770742e4_o_d.jpg,emmy_16,1125.0,675.0,0.0,115.0,2000.0,1120.0,2000.0,3000.0,"(2000, 3000)",2000,3000
https://live.staticflickr.com/8553/29740050126_dd92f496ba_o_d.jpg,29740050126_dd92f496ba_o_d.jpg,emmy_16,975.0,675.0,0.0,115.0,2000.0,1120.0,2000.0,3000.0,"(2000, 3000)",2000,3000
https://live.staticflickr.com/8033/29740049806_5e6036faef_o_d.jpg,29740049806_5e6036faef_o_d.jpg,emmy_16,975.0,675.0,0.0,115.0,2000.0,1120.0,2000.0,3000.0,"(2000, 3000)",2000,3000
https://live.staticflickr.com/8439/29148399134_1368633166_o_d.jpg,29148399134_1368633166_o_d.jpg,emmy_16,375.0,1575.0,0.0,1015.0,2000.0,1120.0,2000.0,3000.0,"(2000, 3000)",2000,3000
https://live.staticflickr.com/7576/29693523711_79cd113c4a_o_d.jpg,29693523711_79cd113c4a_o_d.jpg,emmy_16,375.0,1725.0,0.0,1165.0,2000.0,1120.0,2000.0,3000.0,"(2000, 3000)",2000,3000
https://live.staticflickr.com/8116/29483959130_383eabaaaf_o_d.jpg,29483959130_383eabaaaf_o_d.jpg,emmy_16,1125.0,825.0,0.0,265.0,2000.0,1120.0,2000.0,3000.0,"(2000, 3000)",2000,3000
https://live.staticflickr.com/8476/29483958720_686d322a3f_o_d.jpg,29483958720_686d322a3f_o_d.jpg,emmy_16,1275.0,675.0,0.0,115.0,2000.0,1120.0,2000.0,3000.0,"(2000, 3000)",2000,3000
https://live.staticflickr.com/8522/29148397444_3e35158005_o_d.jpg,29148397444_3e35158005_o_d.jpg,emmy_16,975.0,675.0,0.0,115.0,2000.0,1120.0,2000.0,3000.0,"(2000, 3000)",2000,3000
https://live.staticflickr.com/8391/29150721363_678b9c3998_o_d.jpg,29150721363_678b9c3998_o_d.jpg,emmy_16,1575.0,1725.0,0.0,1165.0,2000.0,1120.0,2000.0,3000.0,"(2000, 3000)",2000,3000
https://live.staticflickr.com/8543/29740302226_823f36b944_o_d.jpg,29740302226_823f36b944_o_d.jpg,emmy_16,1125.0,675.0,0.0,115.0,2000.0,1120.0,2000.0,3000.0,"(2000, 3000)",2000,3000
https://live.staticflickr.com/8124/29693519181_80c6211e85_o_d.jpg,29693519181_80c6211e85_o_d.jpg,emmy_16,675.0,975.0,0.0,415.0,2000.0,1120.0,2000.0,3000.0,"(2000, 3000)",2000,3000
https://live.staticflickr.com/8484/29740544666_82c97b497a_o_d.jpg,29740544666_82c97b497a_o_d.jpg,emmy_16,975.0,675.0,0.0,115.0,2000.0,1120.0,2000.0,3000.0,"(2000, 3000)",2000,3000
https://live.staticflickr.com/8094/29740548016_d408ca116b_o_d.jpg,29740548016_d408ca116b_o_d.jpg,emmy_16,975.0,675.0,0.0,115.0,2000.0,1120.0,2000.0,3000.0,"(2000, 3000)",2000,3000
https://live.staticflickr.com/8773/29148682034_7b55231368_o_d.jpg,29148682034_7b55231368_o_d.jpg,emmy_16,975.0,675.0,0.0,115.0,2000.0,1120.0,2000.0,3000.0,"(2000, 3000)",2000,3000
https://live.staticflickr.com/8527/29776301085_e06aced5c8_o_d.jpg,29776301085_e06aced5c8_o_d.jpg,emmy_16,975.0,675.0,0.0,115.0,2000.0,1120.0,2000.0,3000.0,"(2000, 3000)",2000,3000
https://live.staticflickr.com/8337/29740545986_efa699bb17_o_d.jpg,29740545986_efa699bb17_o_d.jpg,emmy_16,975.0,675.0,0.0,115.0,2000.0,1120.0,2000.0,3000.0,"(2000, 3000)",2000,3000
https://live.staticflickr.com/8792/29740544876_b241630734_o_d.jpg,29740544876_b241630734_o_d.jpg,emmy_16,975.0,675.0,0.0,115.0,2000.0,1120.0,2000.0,3000.0,"(2000, 3000)",2000,3000
https://live.staticflickr.com/8216/29776710775_1bf2d5cb36_o_d.jpg,29776710775_1bf2d5cb36_o_d.jpg,emmy_16,975.0,675.0,0.0,115.0,2000.0,1120.0,2000.0,3000.0,"(2000, 3000)",2000,3000
https://live.staticflickr.com/8285/29151462643_20d8d2d957_o_d.jpg,29151462643_20d8d2d957_o_d.jpg,emmy_16,1275.0,1425.0,0.0,865.0,2000.0,1120.0,2000.0,3000.0,"(2000, 3000)",2000,3000
https://live.staticflickr.com/8095/29151462203_ca2a030a6d_o_d.jpg,29151462203_ca2a030a6d_o_d.jpg,emmy_16,975.0,675.0,0.0,115.0,2000.0,1120.0,2000.0,3000.0,"(2000, 3000)",2000,3000
https://live.staticflickr.com/8384/29151458353_4959b687f1_o_d.jpg,29151458353_4959b687f1_o_d.jpg,emmy_16,975.0,675.0,0.0,115.0,2000.0,1120.0,2000.0,3000.0,"(2000, 3000)",2000,3000
https://live.staticflickr.com/8241/29776719665_472ce97a68_o_d.jpg,29776719665_472ce97a68_o_d.jpg,emmy_16,675.0,975.0,0.0,415.0,2000.0,1120.0,2000.0,3000.0,"(2000, 3000)",2000,3000
https://live.staticflickr.com/8057/29776711515_7b9ca6e6d4_o_d.jpg,29776711515_7b9ca6e6d4_o_d.jpg,emmy_16,1425.0,1425.0,0.0,865.0,2000.0,1120.0,2000.0,3000.0,"(2000, 3000)",2000,3000
https://live.staticflickr.com/8029/29776712425_48d2bd3a8b_o_d.jpg,29776712425_48d2bd3a8b_o_d.jpg,emmy_16,975.0,675.0,0.0,115.0,2000.0,1120.0,2000.0,3000.0,"(2000, 3000)",2000,3000
https://live.staticflickr.com/8122/29485018420_5a61cb4e62_o_d.jpg,29485018420_5a61cb4e62_o_d.jpg,emmy_16,375.0,1875.0,0.0,1315.0,2000.0,1120.0,2000.0,3000.0,"(2000, 3000)",2000,3000
https://live.staticflickr.com/8093/29485018230_ae59936249_o_d.jpg,29485018230_ae59936249_o_d.jpg,emmy_16,975.0,675.0,0.0,115.0,2000.0,1120.0,2000.0,3000.0,"(2000, 3000)",2000,3000
https://live.staticflickr.com/8173/29485017880_9c4e1ac974_o_d.jpg,29485017880_9c4e1ac974_o_d.jpg,emmy_16,1125.0,675.0,0.0,115.0,2000.0,1120.0,2000.0,3000.0,"(2000, 3000)",2000,3000
https://live.staticflickr.com/8533/29149533664_03e27e970c_o_d.jpg,29149533664_03e27e970c_o_d.jpg,emmy_16,975.0,675.0,0.0,115.0,2000.0,1120.0,2000.0,3000.0,"(2000, 3000)",2000,3000
https://live.staticflickr.com/7470/29149533414_a6a4e512ff_o_d.jpg,29149533414_a6a4e512ff_o_d.jpg,emmy_16,975.0,675.0,0.0,115.0,2000.0,1120.0,2000.0,3000.0,"(2000, 3000)",2000,3000
https://live.staticflickr.com/8466/29151847433_af06fce736_o_d.jpg,29151847433_af06fce736_o_d.jpg,emmy_16,975.0,675.0,0.0,115.0,2000.0,1120.0,2000.0,3000.0,"(2000, 3000)",2000,3000
https://live.staticflickr.com/8675/29664694022_53f879559b_o_d.jpg,29664694022_53f879559b_o_d.jpg,emmy_16,975.0,525.0,0.0,0.0,2000.0,1120.0,2000.0,3000.0,"(2000, 3000)",2000,3000
https://live.staticflickr.com/8510/29741359506_20b6575855_o_d.jpg,29741359506_20b6575855_o_d.jpg,emmy_16,975.0,525.0,0.0,0.0,2001.0,1121.0,2001.0,3000.0,"(2000, 3000)",2000,3000
https://live.staticflickr.com/8252/29741359396_3eede8af77_o_d.jpg,29741359396_3eede8af77_o_d.jpg,emmy_16,975.0,675.0,0.0,115.0,2001.0,1121.0,2001.0,3000.0,"(2000, 3000)",2000,3000
https://live.staticflickr.com/8427/29666302642_aa77e4c804_o_d.jpg,29666302642_aa77e4c804_o_d.jpg,emmy_16,225.0,1575.0,0.0,1015.0,2000.0,1120.0,2000.0,3000.0,"(2000, 3000)",2000,3000
https://live.staticflickr.com/8443/29486670000_6cb491a4fc_o_d.jpg,29486670000_6cb491a4fc_o_d.jpg,emmy_16,975.0,525.0,0.0,0.0,2000.0,1120.0,2000.0,3000.0,"(2000, 3000)",2000,3000
https://live.staticflickr.com/8557/29696168791_74aaf60d55_o_d.jpg,29696168791_74aaf60d55_o_d.jpg,emmy_16,1425.0,1575.0,0.0,1015.0,2000.0,1120.0,2000.0,3000.0,"(2000, 3000)",2000,3000
https://live.staticflickr.com/8700/29486662880_d12f33a618_o_d.jpg,29486662880_d12f33a618_o_d.jpg,emmy_16,975.0,525.0,0.0,0.0,2000.0,1120.0,2000.0,3000.0,"(2000, 3000)",2000,3000
https://live.staticflickr.com/8185/29743043136_4f77f35c6e_o_d.jpg,29743043136_4f77f35c6e_o_d.jpg,emmy_16,975.0,675.0,0.0,115.0,2000.0,1120.0,2000.0,3000.0,"(2000, 3000)",2000,3000
https://live.staticflickr.com/8169/29153503153_d24a23ba39_o_d.jpg,29153503153_d24a23ba39_o_d.jpg,emmy_16,225.0,1725.0,0.0,1165.0,2000.0,1120.0,2000.0,3000.0,"(2000, 3000)",2000,3000
https://live.staticflickr.com/8541/29666276682_b1db29f3d7_o_d.jpg,29666276682_b1db29f3d7_o_d.jpg,emmy_16,975.0,675.0,0.0,115.0,2000.0,1120.0,2000.0,3000.0,"(2000, 3000)",2000,3000
https://live.staticflickr.com/8756/29151065414_32aba898d5_o_d.jpg,29151065414_32aba898d5_o_d.jpg,emmy_16,675.0,375.0,0.0,0.0,2000.0,1120.0,2000.0,3000.0,"(2000, 3000)",2000,3000
https://live.staticflickr.com/8432/29666286322_b48a16c68e_o_d.jpg,29666286322_b48a16c68e_o_d.jpg,emmy_16,975.0,675.0,0.0,115.0,2000.0,1120.0,2000.0,3000.0,"(2000, 3000)",2000,3000
https://live.staticflickr.com/8049/29153487013_ecbbe767f8_o_d.jpg,29153487013_ecbbe767f8_o_d.jpg,emmy_16,975.0,375.0,0.0,0.0,2000.0,1120.0,2000.0,3000.0,"(2000, 3000)",2000,3000
https://live.staticflickr.com/8324/29666285352_16991dc669_o_d.jpg,29666285352_16991dc669_o_d.jpg,emmy_16,975.0,375.0,0.0,0.0,2000.0,1120.0,2000.0,3000.0,"(2000, 3000)",2000,3000
https://live.staticflickr.com/8130/29743030786_f9cbea4838_o_d.jpg,29743030786_f9cbea4838_o_d.jpg,emmy_16,975.0,825.0,0.0,265.0,2000.0,1120.0,2000.0,3000.0,"(2000, 3000)",2000,3000
https://live.staticflickr.com/8275/29743030196_f99cf913c5_o_d.jpg,29743030196_f99cf913c5_o_d.jpg,emmy_16,975.0,825.0,0.0,265.0,2000.0,1120.0,2000.0,3000.0,"(2000, 3000)",2000,3000
https://live.staticflickr.com/8477/29486644230_8c65c996c4_o_d.jpg,29486644230_8c65c996c4_o_d.jpg,emmy_16,1575.0,1725.0,0.0,1165.0,2000.0,1120.0,2000.0,3000.0,"(2000, 3000)",2000,3000
https://live.staticflickr.com/8289/29666279612_79969edcd4_o_d.jpg,29666279612_79969edcd4_o_d.jpg,emmy_16,1125.0,525.0,0.0,0.0,2000.0,1120.0,2000.0,3000.0,"(2000, 3000)",2000,3000
https://live.staticflickr.com/8052/29151198514_1179db4749_o_d.jpg,29151198514_1179db4749_o_d.jpg,emmy_16,375.0,375.0,0.0,0.0,2001.0,1121.0,2001.0,3000.0,"(2000, 3000)",2000,3000
https://live.staticflickr.com/8215/29743151406_7f3389dc06_o_d.jpg,29743151406_7f3389dc06_o_d.jpg,emmy_16,225.0,375.0,0.0,0.0,2001.0,1121.0,2001.0,3000.0,"(2000, 3000)",2000,3000
https://live.staticflickr.com/8197/29696284551_1a94a4ab49_o_d.jpg,29696284551_1a94a4ab49_o_d.jpg,emmy_16,1275.0,525.0,0.0,0.0,2001.0,1121.0,2001.0,3000.0,"(2000, 3000)",2000,3000
https://live.staticflickr.com/8101/29743150856_fcec5d4038_o_d.jpg,29743150856_fcec5d4038_o_d.jpg,emmy_16,975.0,675.0,0.0,115.0,2001.0,1121.0,2001.0,3000.0,"(2000, 3000)",2000,3000
https://live.staticflickr.com/8031/29743150436_267dbd1937_o_d.jpg,29743150436_267dbd1937_o_d.jpg,emmy_16,975.0,675.0,0.0,115.0,2001.0,1121.0,2001.0,3000.0,"(2000, 3000)",2000,3000
https://live.staticflickr.com/7521/29743150266_d3f586eefd_o_d.jpg,29743150266_d3f586eefd_o_d.jpg,emmy_16,975.0,675.0,0.0,115.0,2001.0,1121.0,2001.0,3000.0,"(2000, 3000)",2000,3000
https://live.staticflickr.com/8532/29151202254_824fb1c08f_o_d.jpg,29151202254_824fb1c08f_o_d.jpg,emmy_16,975.0,825.0,0.0,265.0,2001.0,1121.0,2001.0,3000.0,"(2000, 3000)",2000,3000
https://live.staticflickr.com/8119/29486775860_658dcec9bf_o_d.jpg,29486775860_658dcec9bf_o_d.jpg,emmy_16,1275.0,375.0,0.0,0.0,2001.0,1121.0,2001.0,3000.0,"(2000, 3000)",2000,3000
https://live.staticflickr.com/8409/29743147526_89d2e327eb_o_d.jpg,29743147526_89d2e327eb_o_d.jpg,emmy_16,375.0,1725.0,0.0,1165.0,2001.0,1121.0,2001.0,3000.0,"(2000, 3000)",2000,3000
https://live.staticflickr.com/8396/29779024535_d7fea3e7f9_o_d.jpg,29779024535_d7fea3e7f9_o_d.jpg,emmy_16,975.0,675.0,0.0,115.0,2001.0,1121.0,2001.0,3000.0,"(2000, 3000)",2000,3000
https://live.staticflickr.com/8525/29779024215_7936d7e388_o_d.jpg,29779024215_7936d7e388_o_d.jpg,emmy_16,1575.0,1725.0,0.0,1165.0,2001.0,1121.0,2001.0,3000.0,"(2000, 3000)",2000,3000
https://live.staticflickr.com/8120/29779023995_0b65665561_o_d.jpg,29779023995_0b65665561_o_d.jpg,emmy_16,525.0,1725.0,0.0,1165.0,2001.0,1121.0,2001.0,3000.0,"(2000, 3000)",2000,3000
https://live.staticflickr.com/8434/29486768260_c3e493535e_o_d.jpg,29486768260_c3e493535e_o_d.jpg,emmy_16,975.0,675.0,0.0,115.0,2001.0,1121.0,2001.0,3000.0,"(2000, 3000)",2000,3000
https://live.staticflickr.com/8289/29151200424_7ee8b919fc_o_d.jpg,29151200424_7ee8b919fc_o_d.jpg,emmy_16,975.0,675.0,0.0,115.0,2001.0,1121.0,2001.0,3000.0,"(2000, 3000)",2000,3000
https://live.staticflickr.com/8187/29779023635_263e6b0881_o_d.jpg,29779023635_263e6b0881_o_d.jpg,emmy_16,825.0,1875.0,0.0,1315.0,2001.0,1121.0,2001.0,3000.0,"(2000, 3000)",2000,3000
https://live.staticflickr.com/8100/29151193354_488d78c72e_o_d.jpg,29151193354_488d78c72e_o_d.jpg,emmy_16,975.0,675.0,0.0,115.0,2001.0,1121.0,2001.0,3000.0,"(2000, 3000)",2000,3000
https://live.staticflickr.com/8054/29151199584_f623182b3b_o_d.jpg,29151199584_f623182b3b_o_d.jpg,emmy_16,975.0,675.0,0.0,115.0,2001.0,1121.0,2001.0,3000.0,"(2000, 3000)",2000,3000
https://live.staticflickr.com/8370/29151199194_facd753d9c_o_d.jpg,29151199194_facd753d9c_o_d.jpg,emmy_16,1425.0,1125.0,0.0,565.0,2001.0,1121.0,2001.0,3000.0,"(2000, 3000)",2000,3000
https://live.staticflickr.com/7784/29153580943_ea71a80d00_o_d.jpg,29153580943_ea71a80d00_o_d.jpg,emmy_16,675.0,1725.0,0.0,1165.0,2001.0,1121.0,2001.0,3000.0,"(2000, 3000)",2000,3000
https://live.staticflickr.com/8149/29697146661_9c084f086a_o_d.jpg,29697146661_9c084f086a_o_d.jpg,emmy_16,375.0,1425.0,0.0,865.0,2000.0,1120.0,2000.0,3000.0,"(2000, 3000)",2000,3000
https://live.staticflickr.com/8541/29152106244_25f8ed8da4_o_d.jpg,29152106244_25f8ed8da4_o_d.jpg,emmy_16,975.0,525.0,0.0,0.0,2000.0,1120.0,2000.0,3000.0,"(2000, 3000)",2000,3000
https://live.staticflickr.com/8252/29743970526_4e6450a97e_o_d.jpg,29743970526_4e6450a97e_o_d.jpg,emmy_16,975.0,525.0,0.0,0.0,2000.0,1120.0,2000.0,3000.0,"(2000, 3000)",2000,3000
https://live.staticflickr.com/8019/29152217974_cbef07e4e0_o_d.jpg,29152217974_cbef07e4e0_o_d.jpg,emmy_16,1125.0,525.0,0.0,0.0,2000.0,1120.0,2000.0,3000.0,"(2000, 3000)",2000,3000
https://live.staticflickr.com/8366/29667359112_c5fd9ce2e2_o_d.jpg,29667359112_c5fd9ce2e2_o_d.jpg,emmy_16,1125.0,525.0,0.0,0.0,2000.0,1120.0,2000.0,3000.0,"(2000, 3000)",2000,3000
https://live.staticflickr.com/8276/29744459556_29a9bf1cfe_o_d.jpg,29744459556_29a9bf1cfe_o_d.jpg,emmy_16,825.0,675.0,0.0,115.0,2001.0,1121.0,2001.0,3000.0,"(2000, 3000)",2000,3000
https://live.staticflickr.com/8378/29744459316_0ac28ebe58_o_d.jpg,29744459316_0ac28ebe58_o_d.jpg,emmy_16,1125.0,675.0,0.0,115.0,2001.0,1121.0,2001.0,3000.0,"(2000, 3000)",2000,3000
https://live.staticflickr.com/8257/29154894883_56a3e64d93_o_d.jpg,29154894883_56a3e64d93_o_d.jpg,emmy_16,975.0,525.0,0.0,0.0,2001.0,1121.0,2001.0,3000.0,"(2000, 3000)",2000,3000
https://live.staticflickr.com/8314/29744457536_49a96556fe_o_d.jpg,29744457536_49a96556fe_o_d.jpg,emmy_16,225.0,375.0,0.0,0.0,2001.0,1121.0,2001.0,3000.0,"(2000, 3000)",2000,3000
https://live.staticflickr.com/8157/29154894383_98d95a16fc_o_d.jpg,29154894383_98d95a16fc_o_d.jpg,emmy_16,825.0,675.0,0.0,115.0,2001.0,1121.0,2001.0,3000.0,"(2000, 3000)",2000,3000
https://live.staticflickr.com/8403/29154894143_af60779691_o_d.jpg,29154894143_af60779691_o_d.jpg,emmy_16,1125.0,675.0,0.0,115.0,2001.0,1121.0,2001.0,3000.0,"(2000, 3000)",2000,3000
https://live.staticflickr.com/8295/29152546084_c8322fab38_o_d.jpg,29152546084_c8322fab38_o_d.jpg,emmy_16,975.0,675.0,0.0,115.0,2001.0,1121.0,2001.0,3000.0,"(2000, 3000)",2000,3000
https://live.staticflickr.com/8284/29154893623_387178f91c_o_d.jpg,29154893623_387178f91c_o_d.jpg,emmy_16,975.0,675.0,0.0,115.0,2001.0,1121.0,2001.0,3000.0,"(2000, 3000)",2000,3000
https://live.staticflickr.com/7568/29154893483_ab527b14df_o_d.jpg,29154893483_ab527b14df_o_d.jpg,emmy_16,1125.0,675.0,0.0,115.0,2001.0,1121.0,2001.0,3000.0,"(2000, 3000)",2000,3000
https://live.staticflickr.com/8542/29154892693_46d8471c2f_o_d.jpg,29154892693_46d8471c2f_o_d.jpg,emmy_16,1575.0,525.0,0.0,0.0,2001.0,1121.0,2001.0,3000.0,"(2000, 3000)",2000,3000
https://live.staticflickr.com/8409/29152545154_b11c4fa660_o_d.jpg,29152545154_b11c4fa660_o_d.jpg,emmy_16,975.0,675.0,0.0,115.0,2001.0,1121.0,2001.0,3000.0,"(2000, 3000)",2000,3000
https://live.staticflickr.com/8447/29155315573_6c2a9d2fab_o_d.jpg,29155315573_6c2a9d2fab_o_d.jpg,emmy_16,975.0,675.0,0.0,115.0,2000.0,1120.0,2000.0,3000.0,"(2000, 3000)",2000,3000
https://live.staticflickr.com/8461/29155315343_46d3d4eb1e_o_d.jpg,29155315343_46d3d4eb1e_o_d.jpg,emmy_16,1125.0,525.0,0.0,0.0,2000.0,1120.0,2000.0,3000.0,"(2000, 3000)",2000,3000
https://live.staticflickr.com/8368/29668224012_feae569800_o_d.jpg,29668224012_feae569800_o_d.jpg,emmy_16,975.0,525.0,0.0,0.0,2000.0,1120.0,2000.0,3000.0,"(2000, 3000)",2000,3000
https://live.staticflickr.com/8072/29155314083_1fc3cb8052_o_d.jpg,29155314083_1fc3cb8052_o_d.jpg,emmy_16,1575.0,1575.0,0.0,1015.0,2000.0,1120.0,2000.0,3000.0,"(2000, 3000)",2000,3000
https://live.staticflickr.com/8235/29155313463_7312e6209a_o_d.jpg,29155313463_7312e6209a_o_d.jpg,emmy_16,225.0,1575.0,0.0,1015.0,2000.0,1120.0,2000.0,3000.0,"(2000, 3000)",2000,3000
https://live.staticflickr.com/8258/29155855093_d4f69e5c38_o_d.jpg,29155855093_d4f69e5c38_o_d.jpg,emmy_16,225.0,1725.0,0.0,1165.0,2001.0,1121.0,2001.0,3000.0,"(2000, 3000)",2000,3000
https://live.staticflickr.com/8446/29155851583_fa0d9250ff_o_d.jpg,29155851583_fa0d9250ff_o_d.jpg,emmy_16,825.0,375.0,0.0,0.0,2001.0,1121.0,2001.0,3000.0,"(2000, 3000)",2000,3000
https://live.staticflickr.com/8380/29668810062_545445c329_o_d.jpg,29668810062_545445c329_o_d.jpg,emmy_16,975.0,825.0,0.0,265.0,2001.0,1121.0,2001.0,3000.0,"(2000, 3000)",2000,3000
https://live.staticflickr.com/8228/29668810032_0ef58917fd_o_d.jpg,29668810032_0ef58917fd_o_d.jpg,emmy_16,825.0,675.0,0.0,115.0,2001.0,1121.0,2001.0,3000.0,"(2000, 3000)",2000,3000
https://live.staticflickr.com/8261/29668809772_150f88b42c_o_d.jpg,29668809772_150f88b42c_o_d.jpg,emmy_16,1125.0,675.0,0.0,115.0,2001.0,1121.0,2001.0,3000.0,"(2000, 3000)",2000,3000
https://live.staticflickr.com/8561/29668808082_63151db9a0_o_d.jpg,29668808082_63151db9a0_o_d.jpg,emmy_16,1125.0,675.0,0.0,115.0,2001.0,1121.0,2001.0,3000.0,"(2000, 3000)",2000,3000
https://live.staticflickr.com/8355/29668809612_10cbfd32d0_o_d.jpg,29668809612_10cbfd32d0_o_d.jpg,emmy_16,975.0,675.0,0.0,115.0,2001.0,1121.0,2001.0,3000.0,"(2000, 3000)",2000,3000
https://live.staticflickr.com/8363/29155850953_18f1e3be54_o_d.jpg,29155850953_18f1e3be54_o_d.jpg,emmy_16,375.0,1425.0,0.0,865.0,2001.0,1121.0,2001.0,3000.0,"(2000, 3000)",2000,3000
https://live.staticflickr.com/8294/29668807812_a62f7c57d7_o_d.jpg,29668807812_a62f7c57d7_o_d.jpg,emmy_16,975.0,675.0,0.0,115.0,2001.0,1121.0,2001.0,3000.0,"(2000, 3000)",2000,3000
https://live.staticflickr.com/8558/29668809052_c74c5ee696_o_d.jpg,29668809052_c74c5ee696_o_d.jpg,emmy_16,375.0,1725.0,0.0,1165.0,2001.0,1121.0,2001.0,3000.0,"(2000, 3000)",2000,3000
https://live.staticflickr.com/8424/29668809002_87e09313fe_o_d.jpg,29668809002_87e09313fe_o_d.jpg,emmy_16,1125.0,525.0,0.0,0.0,2001.0,1121.0,2001.0,3000.0,"(2000, 3000)",2000,3000
https://live.staticflickr.com/7785/29668808752_94dc13800d_o_d.jpg,29668808752_94dc13800d_o_d.jpg,emmy_16,975.0,525.0,0.0,0.0,2001.0,1121.0,2001.0,3000.0,"(2000, 3000)",2000,3000
https://live.staticflickr.com/8425/29155852103_1f41d0c539_o_d.jpg,29155852103_1f41d0c539_o_d.jpg,emmy_16,975.0,525.0,0.0,0.0,2001.0,1121.0,2001.0,3000.0,"(2000, 3000)",2000,3000
https://live.staticflickr.com/8751/29153518894_0215769dec_o_d.jpg,29153518894_0215769dec_o_d.jpg,emmy_16,975.0,675.0,0.0,115.0,2000.0,1120.0,2000.0,3000.0,"(2000, 3000)",2000,3000
https://live.staticflickr.com/7576/29153518074_2d79d7aa84_o_d.jpg,29153518074_2d79d7aa84_o_d.jpg,emmy_16,1125.0,675.0,0.0,115.0,2001.0,1121.0,2001.0,3000.0,"(2000, 3000)",2000,3000
https://live.staticflickr.com/8011/29155911763_5e51a10ea7_o_d.jpg,29155911763_5e51a10ea7_o_d.jpg,emmy_16,975.0,525.0,0.0,0.0,2001.0,1121.0,2001.0,3000.0,"(2000, 3000)",2000,3000
https://live.staticflickr.com/8191/29155995453_83629009da_o_d.jpg,29155995453_83629009da_o_d.jpg,emmy_16,975.0,675.0,0.0,115.0,2001.0,1121.0,2001.0,3000.0,"(2000, 3000)",2000,3000
https://live.staticflickr.com/8229/29155995563_1ee58cc0c6_o_d.jpg,29155995563_1ee58cc0c6_o_d.jpg,emmy_16,1425.0,1425.0,0.0,865.0,2000.0,1120.0,2000.0,3000.0,"(2000, 3000)",2000,3000
https://live.staticflickr.com/8753/28188648372_339ca52c03_o_d.jpg,28188648372_339ca52c03_o_d.jpg,espy_16,1425.0,1875.0,0.0,1315.0,2000.0,1120.0,2000.0,3000.0,"(2000, 3000)",2000,3000
https://live.staticflickr.com/8805/28188648272_5995bdc8a4_o_d.jpg,28188648272_5995bdc8a4_o_d.jpg,espy_16,675.0,1425.0,0.0,865.0,2000.0,1120.0,2000.0,3000.0,"(2000, 3000)",2000,3000
https://live.staticflickr.com/8847/27677053283_b4503ea083_o_d.jpg,27677053283_b4503ea083_o_d.jpg,espy_16,525.0,1575.0,0.0,1015.0,2000.0,1120.0,2000.0,3000.0,"(2000, 3000)",2000,3000
https://live.staticflickr.com/7729/28188648172_2f88ce2c08_o_d.jpg,28188648172_2f88ce2c08_o_d.jpg,espy_16,525.0,375.0,0.0,0.0,2000.0,1120.0,2000.0,3000.0,"(2000, 3000)",2000,3000
https://live.staticflickr.com/7664/28011197680_4d38905f03_o_d.jpg,28011197680_4d38905f03_o_d.jpg,espy_16,525.0,1425.0,0.0,865.0,2000.0,1120.0,2000.0,3000.0,"(2000, 3000)",2000,3000
https://live.staticflickr.com/8820/28188648002_910d7407cd_o_d.jpg,28188648002_910d7407cd_o_d.jpg,espy_16,375.0,375.0,0.0,0.0,2000.0,1120.0,2000.0,3000.0,"(2000, 3000)",2000,3000
https://live.staticflickr.com/8678/28292908255_8bbbd05685_o_d.jpg,28292908255_8bbbd05685_o_d.jpg,espy_16,525.0,1575.0,0.0,1015.0,2000.0,1120.0,2000.0,3000.0,"(2000, 3000)",2000,3000
https://live.staticflickr.com/8855/27677316113_f2cba3cdc0_o_d.jpg,27677316113_f2cba3cdc0_o_d.jpg,espy_16,675.0,525.0,0.0,0.0,2000.0,1120.0,2000.0,3000.0,"(2000, 3000)",2000,3000
https://live.staticflickr.com/7282/28214373401_91985e57d3_o_d.jpg,28214373401_91985e57d3_o_d.jpg,espy_16,525.0,375.0,0.0,0.0,2000.0,1120.0,2000.0,3000.0,"(2000, 3000)",2000,3000
https://live.staticflickr.com/8883/27677401223_794c8085a4_o_d.jpg,27677401223_794c8085a4_o_d.jpg,espy_16,675.0,375.0,0.0,0.0,2000.0,1120.0,2000.0,3000.0,"(2000, 3000)",2000,3000
https://live.staticflickr.com/8827/27677401153_b93c432623_o_d.jpg,27677401153_b93c432623_o_d.jpg,espy_16,525.0,1725.0,0.0,1165.0,2000.0,1120.0,2000.0,3000.0,"(2000, 3000)",2000,3000
https://live.staticflickr.com/7702/27677400973_912a150b9c_o_d.jpg,27677400973_912a150b9c_o_d.jpg,espy_16,675.0,1725.0,0.0,1165.0,2000.0,1120.0,2000.0,3000.0,"(2000, 3000)",2000,3000
https://live.staticflickr.com/8851/28189245122_068d8317fb_o_d.jpg,28189245122_068d8317fb_o_d.jpg,espy_16,525.0,1425.0,0.0,865.0,2000.0,1120.0,2000.0,3000.0,"(2000, 3000)",2000,3000
https://live.staticflickr.com/8865/28011936540_b338dab92c_o_d.jpg,28011936540_b338dab92c_o_d.jpg,espy_16,375.0,1425.0,0.0,865.0,2000.0,1120.0,2000.0,3000.0,"(2000, 3000)",2000,3000
https://live.staticflickr.com/8805/28259379006_c16f775518_o_d.jpg,28259379006_c16f775518_o_d.jpg,espy_16,525.0,1575.0,0.0,1015.0,2000.0,1120.0,2000.0,3000.0,"(2000, 3000)",2000,3000
https://live.staticflickr.com/8872/28293505635_7520ba02b7_o_d.jpg,28293505635_7520ba02b7_o_d.jpg,espy_16,975.0,375.0,0.0,0.0,2000.0,1120.0,2000.0,3000.0,"(2000, 3000)",2000,3000
https://live.staticflickr.com/8872/27677967993_a15517a19e_o_d.jpg,27677967993_a15517a19e_o_d.jpg,espy_16,1725.0,2175.0,0.0,1615.0,2000.0,1120.0,2000.0,3000.0,"(2000, 3000)",2000,3000
https://live.staticflickr.com/8578/28215127291_22384bdf4b_o_d.jpg,28215127291_22384bdf4b_o_d.jpg,espy_16,1725.0,1725.0,0.0,1165.0,2000.0,1120.0,2000.0,3000.0,"(2000, 3000)",2000,3000
https://live.staticflickr.com/7281/28293684425_a02bef4498_o_d.jpg,28293684425_a02bef4498_o_d.jpg,espy_16,975.0,525.0,0.0,0.0,2000.0,1120.0,2000.0,3000.0,"(2000, 3000)",2000,3000
https://live.staticflickr.com/7288/28012151520_b4d102ecde_o_d.jpg,28012151520_b4d102ecde_o_d.jpg,espy_16,1425.0,975.0,0.0,415.0,2000.0,1120.0,2000.0,3000.0,"(2000, 3000)",2000,3000
https://live.staticflickr.com/8627/27677590554_0ee1aa5db5_o_d.jpg,27677590554_0ee1aa5db5_o_d.jpg,espy_16,1425.0,2175.0,0.0,1615.0,2000.0,1120.0,2000.0,3000.0,"(2000, 3000)",2000,3000
https://live.staticflickr.com/8878/27677590454_94eafaf43e_o_d.jpg,27677590454_94eafaf43e_o_d.jpg,espy_16,375.0,1575.0,0.0,1015.0,2000.0,1120.0,2000.0,3000.0,"(2000, 3000)",2000,3000
https://live.staticflickr.com/8600/27678281383_70df299157_o_d.jpg,27678281383_70df299157_o_d.jpg,espy_16,375.0,1725.0,0.0,1165.0,2000.0,1120.0,2000.0,3000.0,"(2000, 3000)",2000,3000
https://live.staticflickr.com/7285/28293887465_401574bb51_o_d.jpg,28293887465_401574bb51_o_d.jpg,espy_16,375.0,1575.0,0.0,1015.0,2000.0,1120.0,2000.0,3000.0,"(2000, 3000)",2000,3000
https://live.staticflickr.com/7555/27678281223_080ca54643_o_d.jpg,27678281223_080ca54643_o_d.jpg,espy_16,1575.0,2325.0,0.0,1765.0,2000.0,1120.0,2000.0,3000.0,"(2000, 3000)",2000,3000
https://live.staticflickr.com/8580/27678279303_8053721dcb_o_d.jpg,27678279303_8053721dcb_o_d.jpg,espy_16,1425.0,2325.0,0.0,1765.0,2000.0,1120.0,2000.0,3000.0,"(2000, 3000)",2000,3000
https://live.staticflickr.com/8794/28293888305_fa9a13bb8e_o_d.jpg,28293888305_fa9a13bb8e_o_d.jpg,espy_16,675.0,975.0,0.0,415.0,2000.0,1120.0,2000.0,3000.0,"(2000, 3000)",2000,3000
https://live.staticflickr.com/8886/27678279883_123cc7f533_o_d.jpg,27678279883_123cc7f533_o_d.jpg,espy_16,1875.0,1575.0,0.0,1015.0,2000.0,1120.0,2000.0,3000.0,"(2000, 3000)",2000,3000
https://live.staticflickr.com/8805/28293887625_bb384e1104_o_d.jpg,28293887625_bb384e1104_o_d.jpg,espy_16,1725.0,1575.0,0.0,1015.0,2000.0,1120.0,2000.0,3000.0,"(2000, 3000)",2000,3000
https://live.staticflickr.com/8705/28012474650_966df8f9d7_o_d.jpg,28012474650_966df8f9d7_o_d.jpg,espy_16,975.0,375.0,0.0,0.0,2000.0,1120.0,2000.0,3000.0,"(2000, 3000)",2000,3000
https://live.staticflickr.com/8875/27677873434_6e1ef2bcae_o_d.jpg,27677873434_6e1ef2bcae_o_d.jpg,espy_16,375.0,1575.0,0.0,1015.0,2000.0,1120.0,2000.0,3000.0,"(2000, 3000)",2000,3000
https://live.staticflickr.com/7289/28012613050_1486f9a022_o_d.jpg,28012613050_1486f9a022_o_d.jpg,espy_16,375.0,1575.0,0.0,1015.0,2000.0,1120.0,2000.0,3000.0,"(2000, 3000)",2000,3000
https://live.staticflickr.com/8709/27678513863_c2f9b34a5b_o_d.jpg,27678513863_c2f9b34a5b_o_d.jpg,espy_16,1725.0,1575.0,0.0,1015.0,2000.0,1120.0,2000.0,3000.0,"(2000, 3000)",2000,3000
https://live.staticflickr.com/8691/28012612960_c049fb38bd_o_d.jpg,28012612960_c049fb38bd_o_d.jpg,espy_16,1725.0,2175.0,0.0,1615.0,2000.0,1120.0,2000.0,3000.0,"(2000, 3000)",2000,3000
https://live.staticflickr.com/8661/28215549031_78e20f093d_o_d.jpg,28215549031_78e20f093d_o_d.jpg,espy_16,525.0,1575.0,0.0,1015.0,2000.0,1120.0,2000.0,3000.0,"(2000, 3000)",2000,3000
https://live.staticflickr.com/7574/27678513443_f5a05c97d0_o_d.jpg,27678513443_f5a05c97d0_o_d.jpg,espy_16,375.0,1725.0,0.0,1165.0,2000.0,1120.0,2000.0,3000.0,"(2000, 3000)",2000,3000
https://live.staticflickr.com/8764/27678513103_d53e21a964_o_d.jpg,27678513103_d53e21a964_o_d.jpg,espy_16,1575.0,1575.0,0.0,1015.0,2000.0,1120.0,2000.0,3000.0,"(2000, 3000)",2000,3000
https://live.staticflickr.com/8893/27678730053_89db6b2c05_o_d.jpg,27678730053_89db6b2c05_o_d.jpg,espy_16,1575.0,2025.0,0.0,1465.0,2000.0,1120.0,2000.0,3000.0,"(2000, 3000)",2000,3000
https://live.staticflickr.com/8654/28215761961_213e4d0554_o_d.jpg,28215761961_213e4d0554_o_d.jpg,espy_16,1425.0,2025.0,0.0,1465.0,2000.0,1120.0,2000.0,3000.0,"(2000, 3000)",2000,3000
https://live.staticflickr.com/7699/27678905153_4010b2812d_o_d.jpg,27678905153_4010b2812d_o_d.jpg,espy_16,375.0,1575.0,0.0,1015.0,2000.0,1120.0,2000.0,3000.0,"(2000, 3000)",2000,3000
https://live.staticflickr.com/7737/27678904833_6666228f1e_o_d.jpg,27678904833_6666228f1e_o_d.jpg,espy_16,375.0,1575.0,0.0,1015.0,2000.0,1120.0,2000.0,3000.0,"(2000, 3000)",2000,3000
https://live.staticflickr.com/7493/27678381164_f037368e1c_o_d.jpg,27678381164_f037368e1c_o_d.jpg,espy_16,1725.0,1575.0,0.0,1015.0,2000.0,1120.0,2000.0,3000.0,"(2000, 3000)",2000,3000
https://live.staticflickr.com/4303/35717106402_2fd2aa241f_o_d.jpg,35717106402_2fd2aa241f_o_d.jpg,espy_17,975.0,525.0,0.0,0.0,2000.0,1120.0,2000.0,3000.0,"(2000, 3000)",2000,3000
https://live.staticflickr.com/4314/35717106302_867a22db01_o_d.jpg,35717106302_867a22db01_o_d.jpg,espy_17,825.0,375.0,0.0,0.0,2000.0,1120.0,2000.0,3000.0,"(2000, 3000)",2000,3000
https://live.staticflickr.com/4296/35717106212_c8eeefdf4a_o_d.jpg,35717106212_c8eeefdf4a_o_d.jpg,espy_17,975.0,525.0,0.0,0.0,2000.0,1120.0,2000.0,3000.0,"(2000, 3000)",2000,3000
https://live.staticflickr.com/4210/35077023493_30411c6a42_o_d.jpg,35077023493_30411c6a42_o_d.jpg,espy_17,1575.0,2325.0,0.0,1765.0,2000.0,1120.0,2000.0,3000.0,"(2000, 3000)",2000,3000
https://live.staticflickr.com/4238/35754953761_99685e01a6_o_d.jpg,35754953761_99685e01a6_o_d.jpg,espy_17,525.0,2175.0,0.0,1615.0,2000.0,1120.0,2000.0,3000.0,"(2000, 3000)",2000,3000
https://live.staticflickr.com/4231/35717427862_45ace3966a_o_d.jpg,35717427862_45ace3966a_o_d.jpg,espy_17,375.0,975.0,0.0,415.0,2000.0,1120.0,2000.0,3000.0,"(2000, 3000)",2000,3000
https://live.staticflickr.com/4302/35717427672_63e275fb2f_o_d.jpg,35717427672_63e275fb2f_o_d.jpg,espy_17,825.0,375.0,0.0,0.0,2000.0,1120.0,2000.0,3000.0,"(2000, 3000)",2000,3000
https://live.staticflickr.com/4254/35717427502_5b280c262c_o_d.jpg,35717427502_5b280c262c_o_d.jpg,espy_17,825.0,375.0,0.0,0.0,2000.0,1120.0,2000.0,3000.0,"(2000, 3000)",2000,3000
https://live.staticflickr.com/4328/35717426182_b45862df94_o_d.jpg,35717426182_b45862df94_o_d.jpg,espy_17,375.0,2025.0,0.0,1465.0,2000.0,1120.0,2000.0,3000.0,"(2000, 3000)",2000,3000
https://live.staticflickr.com/4310/35717426142_7e3ac3e79a_o_d.jpg,35717426142_7e3ac3e79a_o_d.jpg,espy_17,375.0,1575.0,0.0,1015.0,2000.0,1120.0,2000.0,3000.0,"(2000, 3000)",2000,3000
https://live.staticflickr.com/4205/35499058000_e45a98c583_o_d.jpg,35499058000_e45a98c583_o_d.jpg,espy_17,375.0,2025.0,0.0,1465.0,2000.0,1120.0,2000.0,3000.0,"(2000, 3000)",2000,3000
https://live.staticflickr.com/4206/35846071716_15179c345c_o_d.jpg,35846071716_15179c345c_o_d.jpg,espy_17,1725.0,1575.0,0.0,1015.0,2000.0,1120.0,2000.0,3000.0,"(2000, 3000)",2000,3000
https://live.staticflickr.com/4293/35499056930_5f593b5c2a_o_d.jpg,35499056930_5f593b5c2a_o_d.jpg,espy_17,1125.0,675.0,0.0,115.0,2000.0,1120.0,2000.0,3000.0,"(2000, 3000)",2000,3000
https://live.staticflickr.com/4291/35846296266_7796e106e8_o_d.jpg,35846296266_7796e106e8_o_d.jpg,espy_17,525.0,2175.0,0.0,1615.0,2000.0,1120.0,2000.0,3000.0,"(2000, 3000)",2000,3000
https://live.staticflickr.com/4254/35755751151_ed8f717d8a_o_d.jpg,35755751151_ed8f717d8a_o_d.jpg,espy_17,675.0,375.0,0.0,0.0,2000.0,1120.0,2000.0,3000.0,"(2000, 3000)",2000,3000
https://live.staticflickr.com/4294/35755750931_ec5e4972d3_o_d.jpg,35755750931_ec5e4972d3_o_d.jpg,espy_17,975.0,525.0,0.0,0.0,2000.0,1120.0,2000.0,3000.0,"(2000, 3000)",2000,3000
https://live.staticflickr.com/4256/35077847033_7cfa3b5a55_o_d.jpg,35077847033_7cfa3b5a55_o_d.jpg,espy_17,525.0,2025.0,0.0,1465.0,2000.0,1120.0,2000.0,3000.0,"(2000, 3000)",2000,3000
https://live.staticflickr.com/4238/35077846523_76a325b93f_o_d.jpg,35077846523_76a325b93f_o_d.jpg,espy_17,1575.0,1425.0,0.0,865.0,2000.0,1120.0,2000.0,3000.0,"(2000, 3000)",2000,3000
https://live.staticflickr.com/4322/35756092741_a200d1898b_o_d.jpg,35756092741_a200d1898b_o_d.jpg,espy_17,1425.0,525.0,0.0,0.0,2000.0,1120.0,2000.0,3000.0,"(2000, 3000)",2000,3000
https://live.staticflickr.com/4315/35756092351_79f78caa76_o_d.jpg,35756092351_79f78caa76_o_d.jpg,espy_17,1575.0,375.0,0.0,0.0,2000.0,1120.0,2000.0,3000.0,"(2000, 3000)",2000,3000
https://live.staticflickr.com/4311/35756091531_9f1f707fa8_o_d.jpg,35756091531_9f1f707fa8_o_d.jpg,espy_17,1125.0,825.0,0.0,265.0,2000.0,1120.0,2000.0,3000.0,"(2000, 3000)",2000,3000
https://live.staticflickr.com/4288/35047921494_a1953cbaa2_o_d.jpg,35047921494_a1953cbaa2_o_d.jpg,espy_17,525.0,2175.0,0.0,1615.0,2000.0,1120.0,2000.0,3000.0,"(2000, 3000)",2000,3000
https://live.staticflickr.com/4216/35718259662_cb9a209e75_o_d.jpg,35718259662_cb9a209e75_o_d.jpg,espy_17,675.0,375.0,0.0,0.0,2000.0,1120.0,2000.0,3000.0,"(2000, 3000)",2000,3000
https://live.staticflickr.com/4310/35846709786_01e8fb10be_o_d.jpg,35846709786_01e8fb10be_o_d.jpg,espy_17,1575.0,1575.0,0.0,1015.0,2000.0,1120.0,2000.0,3000.0,"(2000, 3000)",2000,3000
https://live.staticflickr.com/4211/35887700525_5bc801e397_o_d.jpg,35887700525_5bc801e397_o_d.jpg,espy_17,525.0,375.0,0.0,0.0,2000.0,1120.0,2000.0,3000.0,"(2000, 3000)",2000,3000
https://live.staticflickr.com/4216/35756364941_7715592c95_o_d.jpg,35756364941_7715592c95_o_d.jpg,espy_17,375.0,2025.0,0.0,1465.0,2000.0,1120.0,2000.0,3000.0,"(2000, 3000)",2000,3000
https://live.staticflickr.com/4304/35887695315_053fd58c68_o_d.jpg,35887695315_053fd58c68_o_d.jpg,espy_17,525.0,2175.0,0.0,1615.0,2000.0,1120.0,2000.0,3000.0,"(2000, 3000)",2000,3000
https://live.staticflickr.com/4330/35756363761_6fcde346ff_o_d.jpg,35756363761_6fcde346ff_o_d.jpg,espy_17,525.0,975.0,0.0,415.0,2000.0,1120.0,2000.0,3000.0,"(2000, 3000)",2000,3000
https://live.staticflickr.com/4211/35048449884_bb039b4c54_o_d.jpg,35048449884_bb039b4c54_o_d.jpg,espy_17,1425.0,1575.0,0.0,1015.0,2000.0,1120.0,2000.0,3000.0,"(2000, 3000)",2000,3000
https://live.staticflickr.com/4322/35048449614_be0df05be3_o_d.jpg,35048449614_be0df05be3_o_d.jpg,espy_17,675.0,375.0,0.0,0.0,2000.0,1120.0,2000.0,3000.0,"(2000, 3000)",2000,3000
https://live.staticflickr.com/4292/35048444984_66b28f0df0_o_d.jpg,35048444984_66b28f0df0_o_d.jpg,espy_17,675.0,2175.0,0.0,1615.0,2000.0,1120.0,2000.0,3000.0,"(2000, 3000)",2000,3000
https://live.staticflickr.com/4209/35048440564_a8e778aa07_o_d.jpg,35048440564_a8e778aa07_o_d.jpg,espy_17,975.0,525.0,0.0,0.0,2000.0,1120.0,2000.0,3000.0,"(2000, 3000)",2000,3000
https://live.staticflickr.com/4282/35500142670_bc73bab42e_o_d.jpg,35500142670_bc73bab42e_o_d.jpg,espy_17,1275.0,675.0,0.0,115.0,2000.0,1120.0,2000.0,3000.0,"(2000, 3000)",2000,3000
https://live.staticflickr.com/4217/35756754941_8c9d84f530_o_d.jpg,35756754941_8c9d84f530_o_d.jpg,espy_17,1425.0,525.0,0.0,0.0,2000.0,1120.0,2000.0,3000.0,"(2000, 3000)",2000,3000
https://live.staticflickr.com/4323/35500142270_850f5351ba_o_d.jpg,35500142270_850f5351ba_o_d.jpg,espy_17,525.0,975.0,0.0,415.0,2000.0,1120.0,2000.0,3000.0,"(2000, 3000)",2000,3000
https://live.staticflickr.com/4207/35756926681_8f2d7d21e5_o_d.jpg,35756926681_8f2d7d21e5_o_d.jpg,espy_17,1575.0,1425.0,0.0,865.0,2000.0,1120.0,2000.0,3000.0,"(2000, 3000)",2000,3000
https://live.staticflickr.com/4261/35756926341_f37f263df4_o_d.jpg,35756926341_f37f263df4_o_d.jpg,espy_17,675.0,375.0,0.0,0.0,2000.0,1120.0,2000.0,3000.0,"(2000, 3000)",2000,3000
https://live.staticflickr.com/4313/35078935923_ecbab87a86_o_d.jpg,35078935923_ecbab87a86_o_d.jpg,espy_17,525.0,825.0,0.0,265.0,2000.0,1120.0,2000.0,3000.0,"(2000, 3000)",2000,3000
