file_name,album
15117118920_cb3dfcd992_o_d.jpg,tgit_14
15117623857_d93c7ffbee_o_d.jpg,tgit_14
15281284716_5507d13ba7_o_d.jpg,tgit_14
15300683241_3516a6f1a5_o_d.jpg,tgit_14
15300820941_cffae8d7eb_o_d.jpg,tgit_14
15301187561_454a2698ed_o_d.jpg,tgit_14
15303598902_46406e0798_o_d.jpg,tgit_14
15303965215_524dfc5bcb_o_d.jpg,tgit_14
15304178185_48819b251d_o_d.jpg,tgit_14
15304178255_381f336705_o_d.jpg,tgit_14
15304331065_ed5575e223_o_d.jpg,tgit_14
15304333195_bb17711532_o_d.jpg,tgit_14
15304333315_27f0745897_o_d.jpg,tgit_14
35047921494_a1953cbaa2_o_d.jpg,espy_17
35048444984_66b28f0df0_o_d.jpg,espy_17
35048449884_bb039b4c54_o_d.jpg,espy_17
35077023493_30411c6a42_o_d.jpg,espy_17
35077846523_76a325b93f_o_d.jpg,espy_17
35077847033_7cfa3b5a55_o_d.jpg,espy_17
35499058000_e45a98c583_o_d.jpg,espy_17
35717426142_7e3ac3e79a_o_d.jpg,espy_17
35717426182_b45862df94_o_d.jpg,espy_17
35717427862_45ace3966a_o_d.jpg,espy_17
35754953761_99685e01a6_o_d.jpg,espy_17
35756363761_6fcde346ff_o_d.jpg,espy_17
35756364941_7715592c95_o_d.jpg,espy_17
35756926681_8f2d7d21e5_o_d.jpg,espy_17
35846071716_15179c345c_o_d.jpg,espy_17
35846296266_7796e106e8_o_d.jpg,espy_17
35846709786_01e8fb10be_o_d.jpg,espy_17
35887695315_053fd58c68_o_d.jpg,espy_17
27677053283_b4503ea083_o_d.jpg,espy_16
27677400973_912a150b9c_o_d.jpg,espy_16
27677401153_b93c432623_o_d.jpg,espy_16
27677590454_94eafaf43e_o_d.jpg,espy_16
27677590554_0ee1aa5db5_o_d.jpg,espy_16
27677873434_6e1ef2bcae_o_d.jpg,espy_16
27677967993_a15517a19e_o_d.jpg,espy_16
27678279303_8053721dcb_o_d.jpg,espy_16
27678279883_123cc7f533_o_d.jpg,espy_16
27678281223_080ca54643_o_d.jpg,espy_16
27678281383_70df299157_o_d.jpg,espy_16
27678381164_f037368e1c_o_d.jpg,espy_16
27678513103_d53e21a964_o_d.jpg,espy_16
27678513443_f5a05c97d0_o_d.jpg,espy_16
27678513863_c2f9b34a5b_o_d.jpg,espy_16
27678730053_89db6b2c05_o_d.jpg,espy_16
27678904833_6666228f1e_o_d.jpg,espy_16
27678905153_4010b2812d_o_d.jpg,espy_16
28011197680_4d38905f03_o_d.jpg,espy_16
28011936540_b338dab92c_o_d.jpg,espy_16
28012612960_c049fb38bd_o_d.jpg,espy_16
28012613050_1486f9a022_o_d.jpg,espy_16
28188648272_5995bdc8a4_o_d.jpg,espy_16
28188648372_339ca52c03_o_d.jpg,espy_16
28189245122_068d8317fb_o_d.jpg,espy_16
28215127291_22384bdf4b_o_d.jpg,espy_16
28215549031_78e20f093d_o_d.jpg,espy_16
28215761961_213e4d0554_o_d.jpg,espy_16
28259379006_c16f775518_o_d.jpg,espy_16
28292908255_8bbbd05685_o_d.jpg,espy_16
28293887465_401574bb51_o_d.jpg,espy_16
28293887625_bb384e1104_o_d.jpg,espy_16
28293888305_fa9a13bb8e_o_d.jpg,espy_16
19113085793_22aafcd2a9_o_d.jpg,espy_15
19113904944_01a2605828_o_d.jpg,espy_15
19114025674_4b2449daaf_o_d.jpg,espy_15
19541812538_beb5bb2e85_o_d.jpg,espy_15
19542583730_2d0197465c_o_d.jpg,espy_15
19543251759_94b461ce9b_o_d.jpg,espy_15
19545958858_58b543e47a_o_d.jpg,espy_15
19545976250_4fd830e06d_o_d.jpg,espy_15
19546957318_fe4bce9853_o_d.jpg,espy_15
19548211060_d2d30541f0_o_d.jpg,espy_15
19548418858_ab6f59edbd_o_d.jpg,espy_15
19548424488_298f4c9901_o_d.jpg,espy_15
19548434030_1769390247_o_d.jpg,espy_15
19548438560_7706369eab_o_d.jpg,espy_15
19548443210_9142d17b1e_o_d.jpg,espy_15
19548520768_d7cb068b04_o_d.jpg,espy_15
19549091369_72f3c18b01_o_d.jpg,espy_15
19706964316_a142fee053_o_d.jpg,espy_15
19708798886_50b09586fc_o_d.jpg,espy_15
19709509236_f47d784763_o_d.jpg,espy_15
19710385146_91520e4cc8_o_d.jpg,espy_15
19729268492_9713806a15_o_d.jpg,espy_15
19729268922_3295d77483_o_d.jpg,espy_15
19733175705_93c3da3143_o_d.jpg,espy_15
19734996725_8812490fd9_o_d.jpg,espy_15
19735717665_7c297a542c_o_d.jpg,espy_15
19736465385_eaa0ae3d47_o_d.jpg,espy_15
19736571245_04bcf57918_o_d.jpg,espy_15
19739009501_b84a845689_o_d.jpg,espy_15
19739639801_465c4e98c7_o_d.jpg,espy_15
19739648381_e1684ba04a_o_d.jpg,espy_15
19741215291_f773cbd8dd_o_d.jpg,espy_15
29148399134_1368633166_o_d.jpg,emmy_16
29150721363_678b9c3998_o_d.jpg,emmy_16
29151199194_facd753d9c_o_d.jpg,emmy_16
29151462643_20d8d2d957_o_d.jpg,emmy_16
29153503153_d24a23ba39_o_d.jpg,emmy_16
29153580943_ea71a80d00_o_d.jpg,emmy_16
29155313463_7312e6209a_o_d.jpg,emmy_16
29155314083_1fc3cb8052_o_d.jpg,emmy_16
29155850953_18f1e3be54_o_d.jpg,emmy_16
29155855093_d4f69e5c38_o_d.jpg,emmy_16
29155995563_1ee58cc0c6_o_d.jpg,emmy_16
29485018420_5a61cb4e62_o_d.jpg,emmy_16
29486644230_8c65c996c4_o_d.jpg,emmy_16
29666302642_aa77e4c804_o_d.jpg,emmy_16
29668809052_c74c5ee696_o_d.jpg,emmy_16
29693523711_79cd113c4a_o_d.jpg,emmy_16
29696168791_74aaf60d55_o_d.jpg,emmy_16
29697146661_9c084f086a_o_d.jpg,emmy_16
29743147526_89d2e327eb_o_d.jpg,emmy_16
29775761675_f208c5ede3_o_d.jpg,emmy_16
29776711515_7b9ca6e6d4_o_d.jpg,emmy_16
29779023635_263e6b0881_o_d.jpg,emmy_16
29779023995_0b65665561_o_d.jpg,emmy_16
29779024215_7936d7e388_o_d.jpg,emmy_16
15241573164_a08c1effa7_o_d.jpg,ama_14
15241754444_a2de296a30_o_d.jpg,ama_14
15244195223_07aceda54c_o_d.jpg,ama_14
15244350223_450f06a501_o_d.jpg,ama_14
15678067187_5df9778ea6_o_d.jpg,ama_14
15678084287_4c64807da0_o_d.jpg,ama_14
15678280787_1578162917_o_d.jpg,ama_14
15838037366_dbfe1977a2_o_d.jpg,ama_14
15838232456_3e65d69718_o_d.jpg,ama_14
15863263342_42a27cd3fa_o_d.jpg,ama_14
15863367782_a5ab2f98c3_o_d.jpg,ama_14
15863372492_c388d04351_o_d.jpg,ama_14
15863847175_a140a75a16_o_d.jpg,ama_14
17394767990_3988ab6cc4_o_d.jpg,abc_16
17394774700_169a5a4b84_o_d.jpg,abc_16
17396006869_c97c588ee6_o_d.jpg,abc_16
17555993136_93196f5564_o_d.jpg,abc_16
17580033042_543fffc408_o_d.jpg,abc_16
